pair,seen_at,obs_at,start_time,mins_to_start,fair1,fair2,quote1,quote2,limit_usd,version
galarneau|a|ymer|e,2026-09-22 00:50:00,2026-09-22 00:49:06,2026-09-22 05:05:00,255.0,0.6605828541050272,0.3394171458949728,0.6815286624203821,0.36101083032490977,1050,3738011956
friedsam|a|krejcikova|b,2026-09-22 00:50:00,2026-09-22 00:49:06,2026-09-22 10:30:00,580.0,0.10727345199195096,0.8927265480080492,0.13089005235602094,0.9125109361329833,600,3738010659
hsieh|j|nicholls|t,2026-09-22 00:50:00,2026-09-22 00:49:06,2026-09-22 03:10:00,140.0,0.24251480360403022,0.7574851963959698,0.2695417789757412,0.782608695652174,250,3738009255
chen|x|peliwo|f,2026-09-22 00:50:00,2026-09-22 00:49:06,2026-09-22 05:00:00,250.0,0.22210873725441094,0.7778912627455891,0.2518891687657431,0.8050682261208576,350,3738012997
sekulic|p|svrcina|d,2026-09-22 00:50:00,2026-09-22 00:49:06,2026-09-22 06:00:00,310.0,0.22019034994539172,0.7798096500546082,0.24271844660194175,0.800796812749004,250,3738012797
imamura|m|noguchi|r,2026-09-22 00:50:00,2026-09-22 00:49:06,2026-09-22 08:00:00,430.0,0.3125954871644578,0.687404512835542,0.33444816053511706,0.7084548104956269,250,3738025628
hasson|j|hurrion|m,2026-09-22 00:50:00,2026-09-22 00:49:06,2026-09-22 06:00:00,310.0,0.11052462506294018,0.8894753749370599,0.1392757660167131,0.9128919860627177,350,3738011121
krejcikova|m|sutjiadi|e,2026-09-22 00:50:00,2026-09-22 00:49:06,2026-09-22 03:10:00,140.0,0.4180704967546725,0.5819295032453276,0.4444444444444444,0.607843137254902,250,3738010113
andreev|a|prihodko|o,2026-09-22 00:50:00,2026-09-22 00:49:06,2026-09-22 13:00:00,730.0,0.47392353200298415,0.5260764679970158,0.49751243781094534,0.5495495495495495,1050,3738012546
krawczyk|s|radisic|m,2026-09-22 00:50:00,2026-09-22 00:49:06,2026-09-22 08:00:00,430.0,0.7083130286346659,0.291686971365334,0.7319034852546916,0.3164556962025316,375,3738020287
flores|j|hsieh|c,2026-09-22 00:50:00,2026-09-22 00:49:06,2026-09-22 05:00:00,250.0,0.806626175431534,0.19337382456846602,0.8333333333333334,0.2232142857142857,350,3738021555
wagenaar|l|zeuch|t,2026-09-22 00:50:00,2026-09-22 00:49:06,2026-09-22 07:00:00,370.0,0.14983770577259795,0.8501622942274023,0.18484288354898337,0.8795180722891566,225,3738022408
pankin|s|zeng|y,2026-09-22 00:50:00,2026-09-22 00:49:06,2026-09-22 05:00:00,250.0,0.6968958048951607,0.3031041951048396,0.7245179063360881,0.33222591362126247,350,3738013090
luo|x|zhang|j,2026-09-22 00:50:00,2026-09-22 00:49:06,2026-09-22 04:30:00,220.0,0.3995954180020959,0.6004045819979041,0.42372881355932196,0.6240601503759399,350,3738019507
matsuoka|h|weber|a,2026-09-22 00:50:00,2026-09-22 00:49:06,2026-09-22 06:00:00,310.0,0.6307212265104083,0.3692787734895917,0.6515679442508712,0.390625,250,3738026042
jones|e|ma|y,2026-09-22 00:50:00,2026-09-22 00:49:06,2026-09-22 04:30:00,220.0,0.6466465209874802,0.3533534790125199,0.6632996632996633,0.37037037037037035,1875,3738013685
lys|e|ruse|e,2026-09-22 00:50:00,2026-09-22 00:49:06,2026-09-22 03:00:00,130.0,0.34472125440772394,0.6552787455922762,0.3597122302158273,0.66996699669967,2500,3738026472
braynin|a|marek|w,2026-09-22 00:50:00,2026-09-22 00:49:06,2026-09-22 12:00:00,670.0,0.432265591250165,0.5677344087498348,0.46511627906976744,0.6000000000000001,225,3738009623
feng|e|gibson|s,2026-09-22 00:50:00,2026-09-22 00:49:06,2026-09-22 03:10:00,140.0,0.3724569733089993,0.6275430266910007,0.39840637450199207,0.6527777777777778,250,3738009255
biryukov|p|ilagan|a,2026-09-22 00:50:00,2026-09-22 00:49:06,2026-09-22 05:05:00,255.0,0.2952514427793512,0.7047485572206489,0.31746031746031744,0.726027397260274,1050,3738011985
larsson|k|orderlain|d,2026-09-22 00:50:00,2026-09-22 00:49:06,2026-09-22 12:00:00,670.0,0.43690316860768086,0.5630968313923191,0.4694835680751174,0.5951417004048584,225,3738010659
marcu|t|traysta|a,2026-09-22 00:50:00,2026-09-22 00:49:06,2026-09-22 12:00:00,670.0,0.9215673185917139,0.07843268140828616,0.9449035812672176,0.11049723756906077,225,3738009623
montgomery|r|park|s,2026-09-22 00:50:00,2026-09-22 00:49:06,2026-09-22 03:30:00,160.0,0.8951614026713447,0.10483859732865561,0.9129677980852916,0.12578616352201258,425,3738014016
preston|t|sakatsume|h,2026-09-22 00:50:00,2026-09-22 00:49:06,2026-09-22 03:00:00,130.0,0.47549159894379217,0.5245084010562078,0.49019607843137253,0.5391705069124424,2500,3738013866
alopaeus|f|lane|l,2026-09-22 00:50:00,2026-09-22 00:49:06,2026-09-22 12:00:00,670.0,0.48463462576247174,0.5153653742375283,0.5169082125603864,0.5475113122171946,225,3738010659
olmos|i|panova|k,2026-09-22 00:50:00,2026-09-22 00:49:06,2026-09-22 04:05:00,195.0,0.4640860716874564,0.5359139283125437,0.48780487804878053,0.5594713656387665,500,3738007751
charaeva|a|kenin|s,2026-09-22 00:50:00,2026-09-22 00:49:06,2026-09-22 01:00:00,10.0,0.4508586302862552,0.5491413697137449,0.46511627906976744,0.5633187772925764,2500,3738015464
ostapenko|j|zakharova|a,2026-09-22 00:50:00,2026-09-22 00:49:06,2026-09-22 01:00:00,10.0,0.5638570731048889,0.43614292689511114,0.5780590717299579,0.4504504504504505,2500,3738013520
choi|s|zhang|r,2026-09-22 00:50:00,2026-09-22 00:49:06,2026-09-22 03:30:00,160.0,0.19193420446935844,0.8080657955306416,0.2169197396963124,0.8307952622673433,350,3738011249
chazal|m|schwaerzler|j,2026-09-22 00:50:00,2026-09-22 00:49:06,2026-09-22 11:00:00,610.0,0.29083285120411445,0.7091671487958858,0.31545741324921134,0.732620320855615,1050,3738008668
fruhvirtova|l|sakkari|m,2026-09-22 00:50:00,2026-09-22 00:49:06,2026-09-22 02:00:00,70.0,0.20788716307515354,0.7921128369248467,0.22271714922048996,0.8062015503875969,2250,3738014834
ibragimova|a|ku|y,2026-09-22 00:50:00,2026-09-22 00:49:06,2026-09-22 05:00:00,250.0,0.5449022975838071,0.4550977024161929,0.5614035087719298,0.4716981132075471,1875,3738014350
dellavedova|m|sun|f,2026-09-22 00:50:00,2026-09-22 00:49:06,2026-09-22 07:30:00,400.0,0.38484677576500204,0.615153224234998,0.4065040650406504,0.6363636363636364,250,3738025803
basilashvili|n|lu|h,2026-09-22 00:50:00,2026-09-22 00:49:06,2026-09-22 09:00:00,490.0,0.952173413221095,0.04782658677890489,0.9683143219264893,0.07158196134574087,250,3738015390
kubareva|a|ye|s,2026-09-22 00:50:00,2026-09-22 00:49:06,2026-09-22 04:30:00,220.0,0.9249980134324541,0.07500198656754564,0.9422632794457275,0.09689922480620154,350,3738019367
te|r|tomic|b,2026-09-22 00:50:00,2026-09-22 00:49:06,2026-09-22 05:30:00,280.0,0.15232339365110137,0.8476766063488986,0.17699115044247787,0.8694516971279374,250,3738020513
oliynykova|o|wolff|v,2026-09-22 00:50:00,2026-09-22 00:49:06,2026-09-22 02:00:00,70.0,0.7525084943766526,0.24749150562334737,0.7668997668997669,0.26246719160104987,3000,3738015039
glushkova|d|hennemann|c,2026-09-22 00:50:00,2026-09-22 00:49:06,2026-09-22 06:30:00,340.0,0.2411789164865234,0.7588210835134765,0.2710027100271003,0.7863247863247863,350,3738021409
knutson|g|sebov|k,2026-09-22 00:50:00,2026-09-22 00:49:06,2026-09-22 11:30:00,640.0,0.7329509991189587,0.26704900088104133,0.7560975609756098,0.29154518950437314,1050,3738020722
parks|a|yamaguchi|m,2026-09-22 00:50:00,2026-09-22 00:49:06,2026-09-22 03:10:00,140.0,0.7850127241652985,0.2149872758347015,0.7991967871485944,0.2298850574712644,3000,3738015740
trufelli|t|varga|a,2026-09-22 00:50:00,2026-09-22 00:49:06,2026-09-22 10:00:00,550.0,0.898738668781871,0.10126133121812915,0.9246420497362472,0.1347708894878706,225,3738017261
noguchi|s|onozawa|n,2026-09-22 00:50:00,2026-09-22 00:49:06,2026-09-22 03:00:00,130.0,0.9551969725591073,0.04480302744089277,0.9686520376175548,0.06365372374283895,350,3738011412
jang|d|zimmermann|p,2026-09-22 00:50:00,2026-09-22 00:49:06,2026-09-22 04:00:00,190.0,0.6281627989448565,0.37183720105514345,0.6539792387543253,0.39840637450199207,250,3738010113
osborne|p|zarazua|i,2026-09-22 00:50:00,2026-09-22 00:49:06,2026-09-22 07:30:00,400.0,0.5,0.5,0.5238095238095238,0.5238095238095238,375,3738010113
hosogi|s|yoshimoto|n,2026-09-22 00:50:00,2026-09-22 00:49:06,2026-09-22 03:00:00,130.0,0.5238095238095238,0.47619047619047616,0.5475113122171946,0.5,350,3738011502
friberg|k|slavic|n,2026-09-22 00:50:00,2026-09-22 00:49:06,2026-09-22 14:00:00,790.0,0.6844714780375468,0.3155285219624529,0.71671388101983,0.34965034965034963,150,3738020026
vekic|d|wang|x,2026-09-22 00:50:00,2026-09-22 00:49:06,2026-09-22 02:00:00,70.0,0.4882009803365558,0.5117990196634443,0.5024875621890548,0.5260663507109005,3000,3738022543
coppejans|k|cuenin|s,2026-09-22 00:50:00,2026-09-22 00:49:06,2026-09-22 09:00:00,490.0,0.5544122104497016,0.44558778955029815,0.5780590717299579,0.4694835680751174,1050,3738013577
boogaard|t|nyqvist|l,2026-09-22 00:50:00,2026-09-22 00:49:06,2026-09-22 12:00:00,670.0,0.9755530432834156,0.024446956716584207,0.9875961299925576,0.047619047619047616,225,3738009623
herck|l|raynel|a,2026-09-22 00:50:00,2026-09-22 00:49:06,2026-09-22 12:00:00,670.0,0.4388371993886373,0.5611628006113627,0.4716981132075471,0.5934959349593496,225,3738011160
bolt|a|jasika|o,2026-09-22 00:50:00,2026-09-22 00:49:06,2026-09-22 04:00:00,190.0,0.5900939266745164,0.4099060733254836,0.6108949416342413,0.43103448275862066,275,3738025444
daniel|t|delaney|j,2026-09-22 00:50:00,2026-09-22 00:49:06,2026-09-22 04:00:00,190.0,0.7706140148745226,0.22938598512547734,0.7916666666666667,0.2518891687657431,250,3738015208
costoulas|s|prozorova|t,2026-09-22 00:50:00,2026-09-22 00:49:06,2026-09-22 02:00:00,70.0,0.41280306164579184,0.5871969383542082,0.4273504273504274,0.601593625498008,3000,3738014933
delicata|l|neimanis|r,2026-09-22 00:50:00,2026-09-22 00:49:06,2026-09-22 06:00:00,310.0,0.5022321873451816,0.4977678126548184,0.5305164319248826,0.5260663507109005,350,3738009623
bondar|a|zarazua|r,2026-09-22 00:50:00,2026-09-22 00:49:06,2026-09-22 04:30:00,220.0,0.6468169445572548,0.35318305544274525,0.6610169491525424,0.36764705882352944,2500,3738014174
kang|k|santillan|a,2026-09-22 00:50:00,2026-09-22 00:49:06,2026-09-22 04:00:00,190.0,0.022384076478795752,0.9776159235212043,0.040783034257748776,0.9878197320341047,250,3738012898
birrell|k|zidansek|t,2026-09-22 00:50:00,2026-09-22 00:49:06,2026-09-22 06:00:00,310.0,0.6442993926333691,0.35570060736663095,0.6587030716723549,0.37037037037037035,2500,3738026107
foon|a|oz|i,2026-09-22 00:50:00,2026-09-22 00:49:06,2026-09-22 06:30:00,340.0,0.24816842924298574,0.751831570757014,0.2777777777777778,0.7792494481236203,350,3738019367
muller|a|pavlovic|l,2026-09-22 00:50:00,2026-09-22 00:49:06,2026-09-22 05:05:00,255.0,0.5643342767635452,0.43566572323645464,0.5850622406639003,0.4566210045662101,1050,3738011834
khromacheva|a|tararudee|t,2026-09-22 00:50:00,2026-09-22 00:49:06,2026-09-22 06:00:00,310.0,0.7058210566145043,0.2941789433854955,0.7289972899728998,0.3184713375796178,500,3738010113
matsuda|r|yamazaki|i,2026-09-22 00:50:00,2026-09-22 00:49:06,2026-09-22 04:00:00,190.0,0.6051609251117726,0.3948390748882274,0.6282527881040892,0.4184100418410042,350,3738011567
rakhimova|a|wu|h,2026-09-22 00:50:00,2026-09-22 00:49:06,2026-09-22 04:00:00,190.0,0.4305499185084517,0.5694500814915483,0.4566210045662101,0.5951417004048584,250,3738010113
gleason|u|prozorova|s,2026-09-22 00:50:00,2026-09-22 00:49:06,2026-09-22 03:10:00,140.0,0.756033246961148,0.24396675303885207,0.7811816192560176,0.2710027100271003,250,3738009255
rakhimova|a|wu|h,2026-09-22 01:12:28,2026-09-22 01:04:12,2026-09-22 04:00:00,167.5,0.4305499185084517,0.5694500814915483,0.4566210045662101,0.5951417004048584,375,3738031376
jang|d|zimmermann|p,2026-09-22 01:12:28,2026-09-22 01:04:12,2026-09-22 04:00:00,167.5,0.6281627989448565,0.37183720105514345,0.6539792387543253,0.39840637450199207,375,3738031376
feng|e|gibson|s,2026-09-22 01:12:28,2026-09-22 01:04:12,2026-09-22 03:10:00,117.5,0.3724569733089993,0.6275430266910007,0.39840637450199207,0.6527777777777778,375,3738030048
imamura|m|noguchi|r,2026-09-22 01:12:28,2026-09-22 01:08:18,2026-09-22 08:00:00,407.5,0.32569446419705605,0.6743055358029437,0.3472222222222222,0.6951219512195121,275,3738033051
biryukov|p|ilagan|a,2026-09-22 01:12:28,2026-09-22 01:08:18,2026-09-22 05:05:00,232.5,0.2952514427793512,0.7047485572206489,0.31746031746031744,0.726027397260274,1300,3738032603
matsuda|r|yamazaki|i,2026-09-22 01:12:28,2026-09-22 01:04:12,2026-09-22 04:08:00,175.5,0.6051609251117726,0.3948390748882274,0.6282527881040892,0.4184100418410042,350,3738031189
kumru|a|maloney|e,2026-09-22 01:12:28,2026-09-22 01:08:18,2026-09-22 11:00:00,587.5,0.18664905128205542,0.8133509487179444,0.22172949002217296,0.8439937597503899,225,3738032689
wagenaar|l|zeuch|t,2026-09-22 01:12:28,2026-09-22 01:04:12,2026-09-22 07:00:00,347.5,0.15010794678735448,0.8498920532126457,0.1798561151079137,0.87546699875467,350,3738030395
chen|x|peliwo|f,2026-09-22 01:12:28,2026-09-22 01:04:12,2026-09-22 05:00:00,227.5,0.22242853295937376,0.7775714670406262,0.24752475247524752,0.800796812749004,350,3738030238
muramatsu|c|uemura|m,2026-09-22 01:12:28,2026-09-22 01:04:12,2026-09-22 03:00:00,107.5,0.36954258608476487,0.6304574139152351,0.39370078740157477,0.6539792387543253,450,3738030543
basilashvili|n|lu|h,2026-09-22 01:12:28,2026-09-22 01:04:12,2026-09-22 09:00:00,467.5,0.9499042471510524,0.050095752848947676,0.9664542099966454,0.07418397626112759,250,3738027006
daniel|t|delaney|j,2026-09-22 01:12:28,2026-09-22 01:04:12,2026-09-22 04:00:00,167.5,0.7706140148745226,0.22938598512547734,0.7916666666666667,0.2518891687657431,275,3738027230
hosogi|s|yoshimoto|n,2026-09-22 01:12:28,2026-09-22 01:04:12,2026-09-22 03:00:00,107.5,0.5238095238095238,0.47619047619047616,0.5475113122171946,0.5,450,3738030543
fruhvirtova|l|sakkari|m,2026-09-22 01:12:28,2026-09-22 01:08:18,2026-09-22 02:00:00,47.5,0.21028153670449024,0.7897184632955099,0.22522522522522526,0.803921568627451,2250,3738032892
krejcikova|m|sutjiadi|e,2026-09-22 01:12:28,2026-09-22 01:04:12,2026-09-22 03:10:00,117.5,0.4180704967546725,0.5819295032453276,0.4444444444444444,0.607843137254902,375,3738031376
pankin|s|zeng|y,2026-09-22 01:12:28,2026-09-22 01:08:18,2026-09-22 05:00:00,227.5,0.6631672144270151,0.336832785572985,0.6865203761755486,0.36101083032490977,350,3738032965
hsieh|j|nicholls|t,2026-09-22 01:12:28,2026-09-22 01:04:12,2026-09-22 03:10:00,117.5,0.24251480360403022,0.7574851963959698,0.2695417789757412,0.782608695652174,375,3738030048
an|l|chen|m,2026-09-22 01:12:28,2026-09-22 01:04:12,2026-09-22 03:30:00,137.5,0.31678779462171375,0.6832122053782862,0.3412969283276451,0.7067448680351905,350,3738031748
ozeki|m|yang|y,2026-09-22 01:12:28,2026-09-22 01:04:12,2026-09-23 01:00:00,1427.5,0.08049594777464304,0.919504052225357,0.11273957158962794,0.9431171786120592,150,3738030668
galarneau|a|ymer|e,2026-09-22 01:12:28,2026-09-22 01:08:18,2026-09-22 05:05:00,232.5,0.6587815004103457,0.3412184995896544,0.6805111821086262,0.36363636363636365,1300,3738033250
matsuoka|h|weber|a,2026-09-22 01:12:28,2026-09-22 01:04:12,2026-09-22 06:00:00,287.5,0.6307212265104083,0.3692787734895917,0.6515679442508712,0.390625,275,3738031417
gleason|u|prozorova|s,2026-09-22 01:12:28,2026-09-22 01:04:12,2026-09-22 03:10:00,117.5,0.756033246961148,0.24396675303885207,0.7811816192560176,0.2710027100271003,375,3738030048
hoffmann|m|manrubia|l,2026-09-22 01:12:28,2026-09-22 01:04:12,2026-09-22 07:00:00,347.5,0.5700720890616922,0.42992791093830796,0.5983935742971888,0.4587155963302753,350,3738030238
muller|a|pavlovic|l,2026-09-22 01:12:28,2026-09-22 01:08:18,2026-09-22 05:05:00,232.5,0.5643342767635452,0.43566572323645464,0.5850622406639003,0.4566210045662101,1300,3738032689
catry|r|sasikumar|m,2026-09-22 01:12:28,2026-09-22 01:04:12,2026-09-22 05:00:00,227.5,0.5631190451520258,0.4368809548479741,0.5867768595041323,0.4608294930875576,350,3738030238
kawaguchi|n|nishimura|k,2026-09-22 01:12:28,2026-09-22 01:04:12,2026-09-22 03:00:00,107.5,0.6681659010658343,0.33183409893416543,0.691358024691358,0.35587188612099646,450,3738030634
jones|e|ma|y,2026-09-22 01:12:28,2026-09-22 01:04:12,2026-09-22 04:30:00,197.5,0.6468169445572548,0.35318305544274525,0.6610169491525424,0.36764705882352944,1875,3738030395
noguchi|s|onozawa|n,2026-09-22 01:12:28,2026-09-22 01:04:12,2026-09-22 03:00:00,107.5,0.9551969725591073,0.04480302744089277,0.9686520376175548,0.06365372374283895,450,3738030543
katsumi|n|mdlulwa|w,2026-09-22 01:12:28,2026-09-22 01:08:18,2026-09-22 11:00:00,587.5,0.5714714205375484,0.42852857946245126,0.6031746031746031,0.4608294930875576,225,3738032689
costoulas|s|prozorova|t,2026-09-22 01:12:28,2026-09-22 01:04:12,2026-09-22 02:00:00,47.5,0.40941694450458627,0.5905830554954137,0.42372881355932196,0.6047430830039526,3000,3738031324
abe|h|arakawa|h,2026-09-22 01:12:28,2026-09-22 01:04:12,2026-09-23 01:00:00,1427.5,0.9159316391871688,0.08406836081283116,0.9399759903961585,0.11655011655011654,150,3738030630
flores|j|hsieh|c,2026-09-22 01:12:28,2026-09-22 01:04:12,2026-09-22 05:00:00,227.5,0.8062417129522922,0.19375828704770784,0.8290598290598291,0.2188183807439825,350,3738030238
chen|x|peliwo|f,2026-09-22 01:34:39,2026-09-22 01:34:25,2026-09-22 05:00:00,205.2,0.1972859917718924,0.8027140082281077,0.2222222222222222,0.8254799301919721,350,3738044718
crawley|f|monnet|c,2026-09-22 01:34:39,2026-09-22 01:34:25,2026-09-22 07:10:00,335.2,0.6428571428571429,0.35714285714285726,0.6666666666666666,0.38167938931297707,1050,3738043357
choi|s|zhang|r,2026-09-22 01:34:39,2026-09-22 01:34:25,2026-09-22 03:30:00,115.2,0.19193420446935844,0.8080657955306416,0.2169197396963124,0.8307952622673433,350,3738043280
arystanbekova|a|sun|y,2026-09-22 01:34:39,2026-09-22 01:34:25,2026-09-22 03:30:00,115.2,0.698787359310419,0.30121264068958126,0.7222222222222222,0.32573289902280134,350,3738043280
matsuda|r|yamazaki|i,2026-09-22 01:34:39,2026-09-22 01:34:25,2026-09-22 04:08:00,153.2,0.6051609251117726,0.3948390748882274,0.6282527881040892,0.4184100418410042,350,3738034023
linana|a|palicova|b,2026-09-22 01:34:39,2026-09-22 01:34:25,2026-09-22 11:30:00,595.2,0.4485040857717808,0.5514959142282192,0.4716981132075471,0.574468085106383,1050,3738037964
jones|e|ma|y,2026-09-22 01:34:39,2026-09-22 01:34:25,2026-09-22 04:30:00,175.2,0.6468169445572548,0.35318305544274525,0.6610169491525424,0.36764705882352944,2500,3738043330
kubareva|a|ye|s,2026-09-22 01:34:39,2026-09-22 01:34:25,2026-09-22 04:30:00,175.2,0.9249980134324541,0.07500198656754564,0.9422632794457275,0.09689922480620154,350,3738043280
cengiz|b|kubka|m,2026-09-22 01:34:39,2026-09-22 01:34:25,2026-09-22 07:10:00,335.2,0.3743388224539193,0.6256611775460806,0.39840637450199207,0.6491228070175439,1050,3738043529
gleason|u|prozorova|s,2026-09-22 01:34:39,2026-09-22 01:34:25,2026-09-22 03:10:00,95.2,0.7548883065542843,0.24511169344571576,0.7777777777777779,0.2695417789757412,375,3738042987
buyukakcay|c|kuzmova|k,2026-09-22 01:34:39,2026-09-22 01:34:25,2026-09-22 07:10:00,335.2,0.27577261007408344,0.7242273899259166,0.3003003003003003,0.7474747474747475,1050,3738043785
wu|r|ye|s,2026-09-22 01:34:39,2026-09-22 01:34:25,2026-09-22 03:30:00,115.2,0.3207651404163685,0.6792348595836315,0.3448275862068966,0.7023809523809524,350,3738043280
dilek|d|sierra|s,2026-09-22 01:34:39,2026-09-22 01:34:25,2026-09-22 07:10:00,335.2,0.13232797572583535,0.8676720242741645,0.16181229773462785,0.89247311827957,350,3738044886
sekulic|p|svrcina|d,2026-09-22 01:34:39,2026-09-22 01:34:25,2026-09-22 06:00:00,265.2,0.2162021928704446,0.7837978071295555,0.23866348448687355,0.8046875000000001,250,3738041414
lee|c|tan|h,2026-09-22 01:34:39,2026-09-22 01:34:25,2026-09-22 13:00:00,685.2,0.7091671487958858,0.29083285120411445,0.732620320855615,0.31545741324921134,1050,3738042458
steiner|v|werner|c,2026-09-22 01:34:39,2026-09-22 01:34:25,2026-09-22 13:00:00,685.2,0.33183409893416543,0.6681659010658343,0.35587188612099646,0.691358024691358,200,3738042350
bolt|a|jasika|o,2026-09-22 01:34:39,2026-09-22 01:34:25,2026-09-22 04:00:00,145.2,0.5925353804229917,0.40746461957700825,0.613899613899614,0.4291845493562232,275,3738042967
erjavec|v|tsygourova|k,2026-09-22 01:34:39,2026-09-22 01:34:25,2026-09-22 10:00:00,505.2,0.8013564096388887,0.1986435903611113,0.8242530755711774,0.22371364653243844,200,3738038380
spiteri|d|tubello|a,2026-09-22 01:34:39,2026-09-22 01:34:25,2026-09-22 08:30:00,415.2,0.189989480571628,0.810010519428372,0.2150537634408602,0.8327759197324415,200,3738039455
jang|d|zimmermann|p,2026-09-22 01:34:39,2026-09-22 01:34:25,2026-09-22 04:00:00,145.2,0.6276911239380114,0.3723088760619887,0.6515679442508712,0.3968253968253968,375,3738044140
hodzic|m|malygina|e,2026-09-22 01:34:39,2026-09-22 01:34:25,2026-09-22 10:00:00,505.2,0.5169879132939876,0.4830120867060124,0.5412844036697247,0.5073891625615764,1050,3738042723
drayton|t|gretskiy|i,2026-09-22 01:34:39,2026-09-22 01:34:25,2026-09-22 07:30:00,355.2,0.28572081658030307,0.714279183419697,0.31545741324921134,0.7422680412371133,350,3738043421
ibragimova|a|ku|y,2026-09-22 01:34:39,2026-09-22 01:34:25,2026-09-22 05:00:00,205.2,0.5450319615318039,0.454968038468196,0.5594713656387665,0.4694835680751174,1875,3738043330
rakhimova|a|wu|h,2026-09-22 01:34:39,2026-09-22 01:34:25,2026-09-22 04:00:00,145.2,0.4830120867060124,0.5169879132939876,0.5073891625615764,0.5412844036697247,375,3738044140
gasanova|a|tikhonova|a,2026-09-22 01:34:39,2026-09-22 01:34:25,2026-09-22 07:10:00,335.2,0.7677215537586899,0.23227844624131008,0.7907949790794978,0.2570694087403599,1050,3738043289
feng|e|gibson|s,2026-09-22 01:34:39,2026-09-22 01:34:25,2026-09-22 03:10:00,95.2,0.3729356198329117,0.6270643801670884,0.3968253968253968,0.6503496503496503,375,3738042987
gorgodze|e|pigossi|l,2026-09-22 01:34:39,2026-09-22 01:34:25,2026-09-22 11:30:00,595.2,0.5650282003368161,0.4349717996631839,0.5884773662551441,0.4587155963302753,1050,3738038601
daniel|t|delaney|j,2026-09-22 01:34:39,2026-09-22 01:34:25,2026-09-22 04:00:00,145.2,0.779105033416986,0.22089496658301397,0.8,0.24330900243309006,275,3738035454
an|l|chen|m,2026-09-22 01:34:39,2026-09-22 01:34:25,2026-09-22 03:30:00,115.2,0.31678779462171375,0.6832122053782862,0.3412969283276451,0.7067448680351905,350,3738043280
luo|x|zhang|j,2026-09-22 01:34:39,2026-09-22 01:34:25,2026-09-22 04:30:00,175.2,0.3995954180020959,0.6004045819979041,0.42372881355932196,0.6240601503759399,350,3738043280
te|r|tomic|b,2026-09-22 01:34:39,2026-09-22 01:34:25,2026-09-22 05:30:00,235.2,0.15576905956530743,0.8442309404346926,0.18050541516245489,0.8661311914323963,250,3738034073
laboutkova|a|serban|i,2026-09-22 01:34:39,2026-09-22 01:34:25,2026-09-22 10:00:00,505.2,0.590705001295145,0.4092949987048551,0.613899613899614,0.4329004329004329,200,3738039775
cerny|m|planinsek|f,2026-09-22 01:34:39,2026-09-22 01:34:25,2026-09-22 07:30:00,355.2,0.49106857963322254,0.5089314203667774,0.5192307692307692,0.5370370370370371,350,3738043223
masarova|r|zaar|l,2026-09-22 01:34:39,2026-09-22 01:34:25,2026-09-22 08:30:00,415.2,0.7475608727578338,0.25243912724216644,0.7706422018348623,0.2770083102493075,200,3738039640
grabher|j|ruggeri|j,2026-09-22 01:34:39,2026-09-22 01:34:25,2026-09-22 18:00:00,985.2,0.6786597188718747,0.32134028112812535,0.7023809523809524,0.34602076124567477,1050,3738038918
hsieh|j|nicholls|t,2026-09-22 01:34:39,2026-09-22 01:34:25,2026-09-22 03:10:00,95.2,0.24364478895501748,0.7563552110449826,0.2680965147453083,0.7792494481236203,375,3738042987
friedsam|a|krejcikova|b,2026-09-22 01:34:39,2026-09-22 01:34:25,2026-09-22 10:30:00,535.2,0.10618308740454799,0.893816912595452,0.1297016861219196,0.9134948096885813,600,3738035868
boluda|a|milovanovic|e,2026-09-22 01:34:39,2026-09-22 01:34:25,2026-09-22 12:00:00,625.2,0.6398725696942359,0.3601274303057643,0.6721311475409836,0.39370078740157477,225,3738034255
micic|e|riera|j,2026-09-22 01:34:39,2026-09-22 01:34:25,2026-09-22 07:10:00,335.2,0.2124681075295472,0.7875318924704527,0.23752969121140144,0.8106060606060607,800,3738043586
swan|k|yamalapalli|s,2026-09-22 01:34:39,2026-09-22 01:34:25,2026-09-22 10:00:00,505.2,0.7962172080712684,0.2037827919287314,0.8191681735985533,0.22883295194508008,800,3738042239
osborne|p|zarazua|i,2026-09-22 01:34:39,2026-09-22 01:34:25,2026-09-22 07:30:00,355.2,0.5,0.5,0.5238095238095238,0.5238095238095238,500,3738044140
basilashvili|n|lu|h,2026-09-22 01:34:39,2026-09-22 01:34:25,2026-09-22 09:00:00,445.2,0.9480963319419299,0.05190366805807014,0.964949176305643,0.07621951219512195,250,3738035674
dellavedova|m|sun|f,2026-09-22 01:34:39,2026-09-22 01:34:25,2026-09-22 07:30:00,355.2,0.37833392500911667,0.6216660749908833,0.4,0.6428571428571428,275,3738044382
gutierrez|o|mesa|b,2026-09-22 01:34:39,2026-09-22 01:34:25,2026-09-23 08:00:00,1825.2,0.5327485830028734,0.4672514169971265,0.5652173913043479,0.5,100,3738039060
ansari|c|kostovic|t,2026-09-22 01:34:39,2026-09-22 01:34:25,2026-09-22 07:10:00,335.2,0.18433266109438712,0.8156673389056129,0.2092050209205021,0.8381877022653721,800,3738043638
bacaloni|a|filar|k,2026-09-22 01:34:39,2026-09-22 01:34:25,2026-09-22 07:30:00,355.2,0.29223177484860147,0.7077682251513983,0.3215434083601286,0.7354497354497355,350,3738044463
lombardini|m|zantedeschi|a,2026-09-22 01:34:39,2026-09-22 01:34:25,2026-09-22 11:30:00,595.2,0.33073041501932343,0.6692695849806766,0.35460992907801414,0.6923076923076923,1050,3738037995
krejcikova|m|sutjiadi|e,2026-09-22 01:34:39,2026-09-22 01:34:25,2026-09-22 03:10:00,95.2,0.418681155258392,0.581318844741608,0.4424778761061947,0.6047430830039526,375,3738044140
parks|a|yamaguchi|m,2026-09-22 01:34:39,2026-09-22 01:34:25,2026-09-22 03:10:00,95.2,0.787268291425117,0.21273170857488308,0.8015873015873016,0.2277904328018223,2250,3738039535
falkowska|w|yoruk|i,2026-09-22 01:50:44,2026-09-22 01:49:30,2026-09-22 08:00:00,369.3,0.9072864353992482,0.09271356460075185,0.930795847750865,0.1231527093596059,200,3738045760
blancaneaux|g|valiente|i,2026-09-22 01:50:44,2026-09-22 01:49:30,2026-09-22 08:00:00,369.3,0.46096570130233666,0.5390342986976634,0.4854368932038835,0.5633187772925764,1050,3738045305
ostapenko|j|zakharova|a,2026-09-22 01:50:44,2026-09-22 01:49:30,2026-09-22 07:00:00,309.3,0.5598908287465394,0.44010917125346066,0.576271186440678,0.4566210045662101,2500,3738047311
crivellaro|g|minighini|d,2026-09-22 01:50:44,2026-09-22 01:49:30,2026-09-22 10:00:00,489.3,0.8345853501750516,0.16541464982494852,0.8644986449864499,0.2004008016032064,225,3738050080
domingues|j|luque|r,2026-09-22 01:50:44,2026-09-22 01:49:30,2026-09-22 10:00:00,489.3,0.5661154407403086,0.4338845592596913,0.6031746031746031,0.4716981132075471,50,3738049206
pankin|s|zeng|y,2026-09-22 01:50:44,2026-09-22 01:49:30,2026-09-22 05:00:00,189.3,0.6697601948126828,0.3302398051873172,0.6932515337423313,0.35460992907801414,350,3738046087
muramatsu|c|uemura|m,2026-09-22 01:50:44,2026-09-22 01:49:30,2026-09-22 03:00:00,69.3,0.3668174325044748,0.6331825674955253,0.390625,0.6563573883161512,450,3738047311
gasanova|a|tikhonova|a,2026-09-22 01:50:44,2026-09-22 01:49:30,2026-09-22 08:00:00,369.3,0.7679570388352972,0.23204296116470283,0.791231732776618,0.2570694087403599,1050,3738045582
rakhimova|a|wu|h,2026-09-22 01:50:44,2026-09-22 01:49:30,2026-09-22 04:00:00,129.3,0.4718969361450971,0.5281030638549029,0.49751243781094534,0.5535714285714286,175,3738050061
jorge|m|ruiz|c,2026-09-22 01:50:44,2026-09-22 01:49:30,2026-09-22 12:00:00,609.3,0.855907780979827,0.14409221902017294,0.8793727382388419,0.17123287671232876,200,3738050564
jang|d|zimmermann|p,2026-09-22 01:50:44,2026-09-22 01:49:30,2026-09-22 04:00:00,129.3,0.6281627989448565,0.37183720105514345,0.6539792387543253,0.39840637450199207,175,3738050076
muller|a|pavlovic|l,2026-09-22 01:50:44,2026-09-22 01:49:30,2026-09-22 05:05:00,194.3,0.5644880298800411,0.43551197011995896,0.5833333333333333,0.45454545454545453,1300,3738048976
feng|e|gibson|s,2026-09-22 01:50:44,2026-09-22 01:49:30,2026-09-22 03:10:00,79.3,0.37183720105514345,0.6281627989448565,0.39840637450199207,0.6539792387543253,100,3738048673
cengiz|b|kubka|m,2026-09-22 01:50:44,2026-09-22 01:49:30,2026-09-22 09:30:00,459.3,0.37717741170555596,0.622822588294444,0.4016064257028112,0.646643109540636,1050,3738045260
hsieh|j|nicholls|t,2026-09-22 01:50:44,2026-09-22 01:49:30,2026-09-22 03:10:00,79.3,0.24226010751321544,0.7577398924867845,0.2695417789757412,0.7830802603036876,100,3738048673
micic|e|riera|j,2026-09-22 01:50:44,2026-09-22 01:49:30,2026-09-22 09:30:00,459.3,0.21312174184203486,0.7868782581579651,0.23809523809523808,0.8098859315589353,800,3738045381
kubareva|a|ye|s,2026-09-22 01:50:44,2026-09-22 01:49:30,2026-09-22 04:46:00,175.3,0.9249980134324541,0.07500198656754564,0.9422632794457275,0.09689922480620154,350,3738046150
dessi|m|lokoli|l,2026-09-22 01:50:44,2026-09-22 01:49:30,2026-09-22 10:00:00,489.3,0.019608045370315946,0.9803919546296844,0.041084634346754315,0.9907501618721672,225,3738050330
fernandez|m|perego|g,2026-09-22 01:50:44,2026-09-22 01:49:30,2026-09-22 10:00:00,489.3,0.7171504691457719,0.28284953085422787,0.7493734335839599,0.31746031746031744,225,3738049286
sciahbasi|m|trivunac|n,2026-09-22 01:50:44,2026-09-22 01:49:30,2026-09-22 08:30:00,399.3,0.9695778581698903,0.0304221418301097,0.9834628741524722,0.05530973451327434,225,3738049814
matsuoka|h|weber|a,2026-09-22 01:50:44,2026-09-22 01:49:30,2026-09-22 06:00:00,249.3,0.6405346227518851,0.35946537724811495,0.6621621621621622,0.38167938931297707,275,3738045359
galarneau|a|ymer|e,2026-09-22 01:50:44,2026-09-22 01:49:30,2026-09-22 05:05:00,194.3,0.6584643792538994,0.34153562074610067,0.6774193548387096,0.36101083032490977,1300,3738049128
egorova|d|pridankina|e,2026-09-22 01:50:44,2026-09-22 01:49:30,2026-09-22 08:00:00,369.3,0.3265023454604076,0.6734976545395924,0.3508771929824561,0.696969696969697,200,3738046095
steiner|v|werner|c,2026-09-22 01:50:44,2026-09-22 01:49:30,2026-09-22 13:00:00,669.3,0.3302398051873172,0.6697601948126828,0.35460992907801414,0.6932515337423313,200,3738046034
te|r|tomic|b,2026-09-22 01:50:44,2026-09-22 01:49:30,2026-09-22 05:30:00,219.3,0.15682047539997027,0.8431795246000299,0.18148820326678766,0.865047233468286,250,3738048613
alfano|f|giorgio|p,2026-09-22 01:50:44,2026-09-22 01:49:30,2026-09-22 08:30:00,399.3,0.29461649383548066,0.7053835061645193,0.32894736842105265,0.7375328083989502,225,3738050766
bertea|e|vogt|m,2026-09-22 01:50:44,2026-09-22 01:49:30,2026-09-22 11:00:00,549.3,0.5503864678311137,0.44961353216888644,0.574468085106383,0.4739336492890995,200,3738045175
wu|r|ye|s,2026-09-22 01:50:44,2026-09-22 01:49:30,2026-09-22 03:46:00,115.3,0.3207651404163685,0.6792348595836315,0.3448275862068966,0.7023809523809524,350,3738046150
dias|t|voloshchuk|a,2026-09-22 01:50:44,2026-09-22 01:49:30,2026-09-22 10:00:00,489.3,0.01073976807615854,0.989260231923842,0.021482277121374866,0.9946601164094624,200,3738049104
charaeva|a|kenin|s,2026-09-22 01:50:44,2026-09-22 01:49:30,2026-09-22 08:30:00,399.3,0.4508586302862552,0.5491413697137449,0.46511627906976744,0.5633187772925764,2500,3738047417
beraldo|l|michalski|d,2026-09-22 01:50:44,2026-09-22 01:49:30,2026-09-22 08:30:00,399.3,0.04540020736767923,0.9545997926323208,0.07347538574577517,0.9722684414864116,225,3738049623
kang|k|santillan|a,2026-09-22 01:50:44,2026-09-22 01:49:30,2026-09-22 04:00:00,129.3,0.022384076478795752,0.9776159235212043,0.040783034257748776,0.9878197320341047,250,3738048976
arystanbekova|a|sun|y,2026-09-22 01:50:44,2026-09-22 01:49:30,2026-09-22 03:46:00,115.3,0.7018992023675551,0.29810079763244507,0.7252747252747253,0.3225806451612903,350,3738047649
an|l|chen|m,2026-09-22 01:50:44,2026-09-22 01:49:30,2026-09-22 03:46:00,115.3,0.31678779462171375,0.6832122053782862,0.3412969283276451,0.7067448680351905,350,3738046150
fruhvirtova|l|sakkari|m,2026-09-22 01:50:44,2026-09-22 01:49:30,2026-09-22 12:00:00,609.3,0.21182701213077326,0.7881729878692268,0.22675736961451246,0.8023715415019763,2250,3738047155
ansari|c|kostovic|t,2026-09-22 01:50:44,2026-09-22 01:49:30,2026-09-22 11:00:00,549.3,0.1838448430926627,0.8161551569073374,0.20876826722338204,0.8387096774193549,800,3738044968
ignatov|i|morag|s,2026-09-22 01:50:44,2026-09-22 01:49:30,2026-09-22 07:30:00,339.3,0.4115344770940184,0.5884655229059816,0.44052863436123346,0.6168582375478928,350,3738045175
bolt|a|jasika|o,2026-09-22 01:50:44,2026-09-22 01:49:30,2026-09-22 04:00:00,129.3,0.5925353804229917,0.40746461957700825,0.613899613899614,0.4291845493562232,450,3738048888
agafonov|e|yilmaz|k,2026-09-22 01:50:44,2026-09-22 01:49:30,2026-09-22 07:30:00,339.3,0.5233843706872944,0.4766156293127054,0.5515695067264574,0.504950495049505,350,3738045634
gleason|u|prozorova|s,2026-09-22 01:50:44,2026-09-22 01:49:30,2026-09-22 03:10:00,79.3,0.756033246961148,0.24396675303885207,0.7811816192560176,0.2710027100271003,100,3738048673
biryukov|p|ilagan|a,2026-09-22 01:50:44,2026-09-22 01:49:30,2026-09-22 05:05:00,194.3,0.29499435334077256,0.7050056466592274,0.31446540880503143,0.7237569060773481,1300,3738048888
choi|s|zhang|r,2026-09-22 01:50:44,2026-09-22 01:49:30,2026-09-22 03:46:00,115.3,0.19193420446935844,0.8080657955306416,0.2169197396963124,0.8307952622673433,350,3738046150
luo|x|zhang|j,2026-09-22 01:50:44,2026-09-22 01:49:30,2026-09-22 04:46:00,175.3,0.3995954180020959,0.6004045819979041,0.42372881355932196,0.6240601503759399,350,3738046433
krejcikova|m|sutjiadi|e,2026-09-22 01:50:44,2026-09-22 01:49:30,2026-09-22 03:10:00,79.3,0.4180704967546725,0.5819295032453276,0.4444444444444444,0.607843137254902,100,3738050061
daniel|t|delaney|j,2026-09-22 01:57:00,2026-09-22 01:54:36,2026-09-22 04:00:00,123.0,0.779105033416986,0.22089496658301397,0.8,0.24330900243309006,325,3738051127
harris|l|miyoshi|k,2026-09-22 01:57:00,2026-09-22 01:54:36,2026-09-22 07:00:00,303.0,0.7653224182318323,0.2346775817681677,0.7863247863247863,0.2570694087403599,1050,3738051686
laboutkova|a|serban|i,2026-09-22 01:57:00,2026-09-22 01:54:36,2026-09-22 10:00:00,483.0,0.5741524388340269,0.4258475611659732,0.5983935742971888,0.4504504504504505,200,3738051785
matsuoka|h|weber|a,2026-09-22 01:57:00,2026-09-22 01:54:36,2026-09-22 06:00:00,243.0,0.6405346227518851,0.35946537724811495,0.6621621621621622,0.38167938931297707,450,3738051127
te|r|tomic|b,2026-09-22 01:57:00,2026-09-22 01:54:36,2026-09-22 05:30:00,213.0,0.15682047539997027,0.8431795246000299,0.18148820326678766,0.865047233468286,250,3738051127
alfano|f|giorgio|p,2026-09-22 01:57:00,2026-09-22 01:54:36,2026-09-22 08:30:00,393.0,0.3097459348896925,0.6902540651103076,0.3436426116838488,0.7222222222222222,225,3738051409
oliynykova|o|wolff|v,2026-09-22 01:57:00,2026-09-22 01:54:36,2026-09-22 02:00:00,3.0,0.7540111131448293,0.24598888685517067,0.7685185185185185,0.2610966057441253,3000,3738051753
wu|r|ye|s,2026-09-22 01:57:00,2026-09-22 01:54:36,2026-09-22 03:46:00,109.0,0.3207651404163685,0.6792348595836315,0.3448275862068966,0.7023809523809524,450,3738051002
arystanbekova|a|sun|y,2026-09-22 01:57:00,2026-09-22 01:54:36,2026-09-22 03:46:00,109.0,0.7018992023675551,0.29810079763244507,0.7252747252747253,0.3225806451612903,450,3738051342
an|l|chen|m,2026-09-22 01:57:00,2026-09-22 01:54:36,2026-09-22 03:46:00,109.0,0.31678779462171375,0.6832122053782862,0.3412969283276451,0.7067448680351905,450,3738051002
sekulic|p|svrcina|d,2026-09-22 01:57:00,2026-09-22 01:54:36,2026-09-22 06:00:00,243.0,0.21125432306946634,0.7887456769305338,0.23364485981308414,0.8095238095238095,325,3738051686
choi|s|zhang|r,2026-09-22 01:57:00,2026-09-22 01:54:36,2026-09-22 03:46:00,109.0,0.19193420446935844,0.8080657955306416,0.2169197396963124,0.8307952622673433,450,3738051305
krawczyk|s|radisic|m,2026-09-22 02:13:41,2026-09-22 02:04:36,2026-09-22 08:00:00,346.3,0.7083130286346659,0.291686971365334,0.7319034852546916,0.3164556962025316,500,3738054917
hou|y|xu|j,2026-09-22 02:13:41,2026-09-22 02:04:36,2026-09-23 02:00:00,1426.3,0.7116321147641232,0.2883678852358769,0.7435897435897436,0.3225806451612903,150,3738054205
galarneau|a|ymer|e,2026-09-22 02:13:41,2026-09-22 02:09:42,2026-09-22 05:05:00,171.3,0.6584643792538994,0.34153562074610067,0.6774193548387096,0.36101083032490977,1750,3738056222
choi|o|li|x,2026-09-22 02:13:41,2026-09-22 02:04:36,2026-09-23 02:00:00,1426.3,0.8024503740440013,0.19754962595599865,0.8333333333333334,0.23255813953488372,150,3738054184
muramatsu|c|uemura|m,2026-09-22 02:13:41,2026-09-22 02:04:36,2026-09-22 03:00:00,46.3,0.360310075136511,0.639689924863489,0.3846153846153846,0.6632996632996633,450,3738054325
delicata|l|neimanis|r,2026-09-22 02:13:41,2026-09-22 02:04:36,2026-09-22 06:00:00,226.3,0.5022727742318428,0.49772722576815714,0.5260663507109005,0.5215311004784688,350,3738055306
castelnuovo|l|kotov|p,2026-09-22 02:13:41,2026-09-22 02:09:42,2026-09-22 07:00:00,286.3,0.2633436111560254,0.7366563888439747,0.2857142857142857,0.7578692493946732,1050,3738056227
krejcikova|m|sutjiadi|e,2026-09-22 02:13:41,2026-09-22 02:04:36,2026-09-23 02:00:00,1426.3,0.4180704967546725,0.5819295032453276,0.4444444444444444,0.607843137254902,175,3738054917
gleason|u|prozorova|s,2026-09-22 02:13:41,2026-09-22 02:09:42,2026-09-23 02:00:00,1426.3,0.756033246961148,0.24396675303885207,0.7811816192560176,0.2710027100271003,175,3738055724
crisostomo|g|mura|m,2026-09-22 02:13:41,2026-09-22 02:04:36,2026-09-22 08:30:00,376.3,0.5185845920526199,0.48141540794738014,0.5515695067264574,0.5145631067961165,225,3738053059
kobelt|a|renard|l,2026-09-22 02:13:41,2026-09-22 02:04:36,2026-09-22 14:00:00,706.3,0.5273743839406254,0.4726256160593747,0.5594713656387665,0.504950495049505,225,3738054269
ibragimova|a|ku|y,2026-09-22 02:13:41,2026-09-22 02:04:36,2026-09-22 05:00:00,166.3,0.5450319615318039,0.454968038468196,0.5594713656387665,0.4694835680751174,2500,3738054053
matsuda|r|yamazaki|i,2026-09-22 02:13:41,2026-09-22 02:09:42,2026-09-22 04:17:00,123.3,0.610493986713547,0.38950601328645296,0.6336996336996338,0.4132231404958678,350,3738057761
lenglet|a|theate|p,2026-09-22 02:13:41,2026-09-22 02:04:36,2026-09-22 08:00:00,346.3,0.44801433687435377,0.5519856631256463,0.47619047619047616,0.5798319327731092,350,3738053954
basilashvili|n|lu|h,2026-09-22 02:13:41,2026-09-22 02:09:42,2026-09-22 09:00:00,406.3,0.9490252931176755,0.050974706882324625,0.9657299520219328,0.07518796992481203,250,3738056700
sakellaridi|s|wallberg|n,2026-09-22 02:13:41,2026-09-22 02:04:36,2026-09-22 08:00:00,346.3,0.32809197868037615,0.6719080213196238,0.35714285714285715,0.6996996996996997,350,3738054156
dellavedova|m|sun|f,2026-09-22 02:13:41,2026-09-22 02:09:42,2026-09-22 07:30:00,316.3,0.3812307178303222,0.6187692821696777,0.40322580645161293,0.6402877697841727,450,3738055791
cina|f|uchida|k,2026-09-22 02:13:41,2026-09-22 02:09:42,2026-09-22 09:00:00,406.3,0.9161730744679997,0.08382692553200051,0.9373040752351097,0.11123470522803114,250,3738056483
imamura|m|noguchi|r,2026-09-22 02:13:41,2026-09-22 02:09:42,2026-09-22 08:00:00,346.3,0.32521408321256073,0.6747859167874388,0.3472222222222222,0.6960486322188449,450,3738055960
friberg|k|slavic|n,2026-09-22 02:13:41,2026-09-22 02:04:36,2026-09-22 14:00:00,706.3,0.6844714780375468,0.3155285219624529,0.71671388101983,0.34965034965034963,225,3738054205
feng|e|gibson|s,2026-09-22 02:13:41,2026-09-22 02:09:42,2026-09-23 02:00:00,1426.3,0.37183720105514345,0.6281627989448565,0.39840637450199207,0.6539792387543253,175,3738055724
biryukov|p|ilagan|a,2026-09-22 02:13:41,2026-09-22 02:09:42,2026-09-22 05:05:00,171.3,0.29499435334077256,0.7050056466592274,0.31446540880503143,0.7237569060773481,1750,3738055965
duda|a|gundacker|j,2026-09-22 02:13:41,2026-09-22 02:09:42,2026-09-22 07:30:00,316.3,0.1641482863856129,0.8358517136143868,0.19920318725099603,0.8657718120805369,100,3738056096
hasson|j|hurrion|m,2026-09-22 02:13:41,2026-09-22 02:09:42,2026-09-22 06:00:00,226.3,0.11088038039007558,0.8891196196099246,0.13458950201884254,0.9090909090909091,350,3738055866
harris|l|miyoshi|k,2026-09-22 02:13:41,2026-09-22 02:09:42,2026-09-22 07:00:00,286.3,0.7645208135552067,0.23547918644479332,0.7854077253218884,0.2577319587628866,1050,3738056145
olmo|a|wuerth|t,2026-09-22 02:13:41,2026-09-22 02:04:36,2026-09-22 08:00:00,346.3,0.7198253444500842,0.2801746555499159,0.7474747474747475,0.30959752321981426,350,3738055365
boutleux|n|visser|m,2026-09-22 02:13:41,2026-09-22 02:04:36,2026-09-22 08:00:00,346.3,0.2889392788545806,0.7110607211454194,0.3184713375796178,0.7389033942558746,350,3738054053
herrmann|t|silva|a,2026-09-22 02:13:41,2026-09-22 02:04:36,2026-09-22 08:00:00,346.3,0.36666554094185716,0.6333344590581428,0.39525691699604737,0.6610169491525424,350,3738054053
abe|h|arakawa|h,2026-09-22 02:13:41,2026-09-22 02:09:42,2026-09-23 01:00:00,1366.3,0.9159316391871688,0.08406836081283116,0.9399759903961585,0.11655011655011654,150,3738057578
karma|n|wistrand|j,2026-09-22 02:13:41,2026-09-22 02:04:36,2026-09-22 14:00:00,706.3,0.7911678771032804,0.20883212289671957,0.822380106571936,0.24390243902439027,225,3738054205
gahnstrom|e|poulsen|o,2026-09-22 02:13:41,2026-09-22 02:04:36,2026-09-22 11:00:00,526.3,0.11538468291747876,0.8846153170825208,0.14947683109118085,0.9117387466902029,225,3738054811
boogaard|t|nyqvist|l,2026-09-22 02:13:41,2026-09-22 02:04:36,2026-09-22 12:00:00,586.3,0.9755545408401431,0.024445459159857442,0.9875976683616519,0.047619047619047616,225,3738054746
fomba|l|petrovic|a,2026-09-22 02:13:41,2026-09-22 02:04:36,2026-09-22 14:00:00,706.3,0.39058588203246436,0.6094141179675356,0.42372881355932196,0.6415770609318996,225,3738054269
kawaguchi|n|nishimura|k,2026-09-22 02:13:41,2026-09-22 02:04:36,2026-09-22 03:00:00,46.3,0.6719395536058032,0.3280604463941967,0.6951219512195121,0.35211267605633806,450,3738053969
mochizuki|s|xiao|l,2026-09-22 02:13:41,2026-09-22 02:09:42,2026-09-22 07:00:00,286.3,0.8827472624710092,0.11725273752899076,0.9048525214081826,0.14367816091954022,350,3738056317
domingues|j|luque|r,2026-09-22 02:13:41,2026-09-22 02:04:36,2026-09-22 10:00:00,466.3,0.5658409748502577,0.43415902514974225,0.5983935742971888,0.4672897196261683,225,3738054053
kivanda|s|vasa|e,2026-09-22 02:13:41,2026-09-22 02:04:36,2026-09-22 11:00:00,526.3,0.025426983287637588,0.9745730167123624,0.0488997555012225,0.9869332287991638,225,3738054826
ozeki|m|yang|y,2026-09-22 02:13:41,2026-09-22 02:09:42,2026-09-23 01:00:00,1366.3,0.08004260891552467,0.9199573910844754,0.1122334455667789,0.943502824858757,150,3738057761
bolt|a|jasika|o,2026-09-22 02:13:41,2026-09-22 02:04:36,2026-09-22 04:00:00,106.3,0.594195439320061,0.405804560679939,0.6153846153846154,0.4273504273504274,450,3738052995
hsieh|j|nicholls|t,2026-09-22 02:13:41,2026-09-22 02:09:42,2026-09-23 02:00:00,1426.3,0.24226010751321544,0.7577398924867845,0.2695417789757412,0.7830802603036876,175,3738055724
mair|l|toneva|e,2026-09-22 02:13:41,2026-09-22 02:09:42,2026-09-22 09:30:00,436.3,0.9844743873113667,0.015525612688633244,0.9932487172562787,0.03529827038475115,225,3738057003
alfano|f|giorgio|p,2026-09-22 02:13:41,2026-09-22 02:04:36,2026-09-22 08:30:00,376.3,0.30152999475457304,0.6984700052454268,0.33557046979865773,0.7304582210242588,225,3738052746
muller|a|pavlovic|l,2026-09-22 02:13:41,2026-09-22 02:09:42,2026-09-22 05:05:00,171.3,0.5644880298800411,0.43551197011995896,0.5833333333333333,0.45454545454545453,1750,3738056096
karatancheva|l|niemeier|j,2026-09-22 02:13:41,2026-09-22 02:04:36,2026-09-22 08:00:00,346.3,0.48212002188447056,0.5178799781155294,0.5098039215686274,0.5454545454545454,350,3738054053
sato|h|yoshioka|k,2026-09-22 02:13:41,2026-09-22 02:09:42,2026-09-23 01:00:00,1366.3,0.5759340370565069,0.4240659629434931,0.607843137254902,0.4566210045662101,150,3738057536
choi|o|li|x,2026-09-22 02:35:05,2026-09-22 02:34:47,2026-09-23 02:00:00,1404.9,0.8014897792559762,0.19851022074402383,0.8324958123953099,0.23364485981308414,150,3738061185
chauhan|h|weekes|j,2026-09-22 02:35:05,2026-09-22 02:34:47,2026-09-22 10:30:00,474.9,0.4214805372645692,0.5785194627354309,0.45454545454545453,0.6108949416342413,100,3738067630
kumru|a|maloney|e,2026-09-22 02:35:05,2026-09-22 02:34:47,2026-09-22 11:00:00,504.9,0.18750640059331944,0.8124935994066805,0.22271714922048996,0.8432601880877744,225,3738059865
lys|e|ruse|e,2026-09-22 02:35:05,2026-09-22 02:34:47,2026-09-22 03:00:00,24.9,0.35135750414745576,0.6486424958525442,0.3663003663003663,0.6632996632996633,2500,3738063852
marcu|t|traysta|a,2026-09-22 02:35:05,2026-09-22 02:34:47,2026-09-22 12:00:00,564.9,0.928249229705228,0.07175077029477196,0.9506416584402765,0.10319917440660475,225,3738063506
catini|n|rapagnetta|d,2026-09-22 02:35:05,2026-09-22 02:34:47,2026-09-22 08:30:00,354.9,0.18608816153554758,0.8139118384644525,0.2159827213822894,0.8405103668261563,350,3738067979
laboutkova|a|serban|i,2026-09-22 02:35:05,2026-09-22 02:34:47,2026-09-22 10:00:00,444.9,0.5741524388340269,0.4258475611659732,0.5983935742971888,0.4504504504504505,275,3738063832
buculei|i|rybas|f,2026-09-22 02:35:05,2026-09-22 02:34:47,2026-09-22 10:00:00,444.9,0.08099977801334414,0.9190002219866558,0.11325028312570781,0.9426605504587156,225,3738061838
crisostomo|g|mura|m,2026-09-22 02:35:05,2026-09-22 02:34:47,2026-09-22 08:30:00,354.9,0.518915923585808,0.4810840764141921,0.5475113122171946,0.5098039215686274,350,3738068022
matsuda|r|yamazaki|i,2026-09-22 02:35:05,2026-09-22 02:34:47,2026-09-22 04:27:00,111.9,0.610493986713547,0.38950601328645296,0.6336996336996338,0.4132231404958678,350,3738066934
lenglet|a|theate|p,2026-09-22 02:35:05,2026-09-22 02:34:47,2026-09-22 08:00:00,324.9,0.44801433687435377,0.5519856631256463,0.47619047619047616,0.5798319327731092,350,3738065424
dias|t|voloshchuk|a,2026-09-22 02:35:05,2026-09-22 02:34:47,2026-09-22 10:00:00,444.9,0.010877564474183607,0.9891224355258161,0.02168256721595837,0.9945728861391512,200,3738067979
basilashvili|n|lu|h,2026-09-22 02:35:05,2026-09-22 02:34:47,2026-09-22 09:00:00,384.9,0.9496423361476725,0.050357663852327615,0.9662276258020939,0.07446016381236038,250,3738066390
ignatov|i|morag|s,2026-09-22 02:35:05,2026-09-22 02:34:47,2026-09-22 07:30:00,294.9,0.4105851014273273,0.5894148985726728,0.43859649122807015,0.6168582375478928,350,3738065989
dias|b|sharma|a,2026-09-22 02:35:05,2026-09-22 02:34:47,2026-09-22 18:00:00,924.9,0.0385747053143753,0.9614252946856247,0.06535947712418301,0.9774977497749775,150,3738068088
costoulas|s|prozorova|t,2026-09-22 02:35:05,2026-09-22 02:34:47,2026-09-22 05:30:00,174.9,0.40941694450458627,0.5905830554954137,0.42372881355932196,0.6047430830039526,3000,3738066657
hoffmann|m|manrubia|l,2026-09-22 02:35:05,2026-09-22 02:34:47,2026-09-22 07:00:00,264.9,0.5700720890616922,0.42992791093830796,0.5983935742971888,0.4587155963302753,350,3738065324
masarova|r|zaar|l,2026-09-22 02:35:05,2026-09-22 02:34:47,2026-09-22 08:30:00,354.9,0.7475608727578338,0.25243912724216644,0.7706422018348623,0.2770083102493075,275,3738063873
jorge|m|ruiz|c,2026-09-22 02:35:05,2026-09-22 02:34:47,2026-09-22 12:00:00,564.9,0.8148304006764114,0.18516959932358856,0.83739837398374,0.21008403361344538,200,3738069415
ferrari|g|misasi|g,2026-09-22 02:35:05,2026-09-22 02:34:47,2026-09-22 08:30:00,354.9,0.7273241571832159,0.2726758428167841,0.7549019607843137,0.3021148036253776,350,3738068022
agafonov|e|yilmaz|k,2026-09-22 02:35:05,2026-09-22 02:34:47,2026-09-22 07:30:00,294.9,0.5211488810141994,0.47885111898580046,0.5495495495495495,0.5073891625615764,350,3738066075
imamura|m|noguchi|r,2026-09-22 02:35:05,2026-09-22 02:34:47,2026-09-22 08:00:00,324.9,0.3220568801834777,0.6779431198165223,0.3436426116838488,0.6987951807228916,450,3738069280
foon|a|oz|i,2026-09-22 02:35:05,2026-09-22 02:34:47,2026-09-22 06:30:00,234.9,0.24844950059981605,0.7515504994001839,0.27322404371584696,0.7747747747747747,350,3738067869
moron|f|reichel|a,2026-09-22 02:35:05,2026-09-22 02:34:47,2026-09-22 19:00:00,984.9,0.05746894842031664,0.9425310515796834,0.08733624454148473,0.9626028421839941,150,3738067784
hrda|l|sevcikova|l,2026-09-22 02:35:05,2026-09-22 02:34:47,2026-09-22 10:00:00,444.9,0.13433684877368332,0.8656631512263168,0.16891891891891891,0.8940677966101694,225,3738061907
parks|a|yamaguchi|m,2026-09-22 02:35:05,2026-09-22 02:34:47,2026-09-22 03:10:00,34.9,0.7881729878692268,0.21182701213077326,0.8023715415019763,0.22675736961451246,2250,3738066747
biryukov|p|ilagan|a,2026-09-22 02:35:05,2026-09-22 02:34:47,2026-09-22 05:05:00,149.9,0.3007445855112813,0.6992554144887184,0.3205128205128205,0.7183098591549296,1750,3738064259
bacaloni|a|filar|k,2026-09-22 02:35:05,2026-09-22 02:34:47,2026-09-22 07:30:00,294.9,0.293096484578179,0.7069035154218208,0.3225806451612903,0.7347480106100795,350,3738066143
duda|a|gundacker|j,2026-09-22 02:35:05,2026-09-22 02:34:47,2026-09-22 07:30:00,294.9,0.16462193578696974,0.8353780642130306,0.19455252918287938,0.8614958448753463,350,3738063706
prisacariu|a|pushkar|s,2026-09-22 02:35:05,2026-09-22 02:34:47,2026-09-22 10:00:00,444.9,0.909889411227501,0.09011058877249899,0.9346405228758169,0.12300123001230014,225,3738061785
barrere|v|covato|m,2026-09-22 02:35:05,2026-09-22 02:34:47,2026-09-22 10:00:00,444.9,0.5741120804719662,0.42588791952803395,0.6062992125984252,0.4587155963302753,225,3738065639
schaefer|a|varsa|a,2026-09-22 02:35:05,2026-09-22 02:34:47,2026-09-22 10:00:00,444.9,0.9486094412603394,0.051390558739660315,0.967543005517689,0.08045052292839903,225,3738063663
lee|g|schulenburg|j,2026-09-22 02:35:05,2026-09-22 02:34:47,2026-09-22 14:30:00,714.9,0.665919299156985,0.3340807008430151,0.6978851963746223,0.36764705882352944,225,3738068022
trufelli|t|varga|a,2026-09-22 02:35:05,2026-09-22 02:34:47,2026-09-22 10:00:00,444.9,0.9007351745052398,0.09926482549476029,0.9264164827078734,0.13262599469496023,225,3738065583
lopez|p|sartori|a,2026-09-22 02:35:05,2026-09-22 02:34:47,2026-09-22 18:00:00,924.9,0.9438239065449552,0.056176093455044554,0.9636759898292773,0.0859106529209622,150,3738067781
oliynykova|o|wolff|v,2026-09-22 02:35:05,2026-09-22 02:34:47,2026-09-22 03:00:00,24.9,0.7540111131448293,0.24598888685517067,0.7685185185185185,0.2610966057441253,3000,3738066710
boutleux|n|visser|m,2026-09-22 02:35:05,2026-09-22 02:34:47,2026-09-22 08:00:00,324.9,0.2880987412847193,0.7119012587152806,0.31746031746031744,0.7395833333333334,350,3738065490
steiner|v|werner|c,2026-09-22 02:35:05,2026-09-22 02:34:47,2026-09-22 13:00:00,624.9,0.3302398051873172,0.6697601948126828,0.35460992907801414,0.6932515337423313,275,3738067781
wagenaar|l|zeuch|t,2026-09-22 02:35:05,2026-09-22 02:34:47,2026-09-22 07:00:00,264.9,0.14851833537044257,0.8514816646295575,0.17825311942959002,0.8769987699876998,350,3738065355
angelini|l|comino|l,2026-09-22 02:35:05,2026-09-22 02:34:47,2026-09-22 08:30:00,354.9,0.6569491312768302,0.3430508687231698,0.6845425867507886,0.3717472118959108,350,3738067979
vekic|d|wang|x,2026-09-22 02:35:05,2026-09-22 02:34:47,2026-09-22 06:00:00,204.9,0.4882009803365558,0.5117990196634443,0.5024875621890548,0.5260663507109005,3000,3738066568
dias|s|rodrigues|b,2026-09-22 02:35:05,2026-09-22 02:34:47,2026-09-22 18:00:00,924.9,0.411221053645367,0.588778946354633,0.4444444444444444,0.6212121212121212,150,3738067979
beraldo|l|michalski|d,2026-09-22 02:35:05,2026-09-22 02:34:47,2026-09-22 08:30:00,354.9,0.04566771811462284,0.9543322818853771,0.0691085003455425,0.9700777977259125,350,3738068022
marino|p|primucci|l,2026-09-22 02:35:05,2026-09-22 02:34:47,2026-09-22 08:30:00,354.9,0.684177279261207,0.315822720738793,0.7118155619596541,0.3448275862068966,350,3738068088
bolt|a|jasika|o,2026-09-22 02:35:05,2026-09-22 02:34:47,2026-09-22 04:00:00,84.9,0.5974750455266308,0.40252495447336917,0.6183206106870228,0.42372881355932196,450,3738069280
hipfl|n|pujolras|a,2026-09-22 02:35:05,2026-09-22 02:34:47,2026-09-22 14:30:00,714.9,0.29676005774454245,0.7032399422554576,0.33112582781456956,0.7354497354497355,225,3738068022
alfano|f|giorgio|p,2026-09-22 02:35:05,2026-09-22 02:34:47,2026-09-22 08:30:00,354.9,0.3076838925725783,0.6923161074274217,0.3367003367003367,0.7198879551820728,350,3738069135
cizek|j|dujka|d,2026-09-22 02:35:05,2026-09-22 02:34:47,2026-09-22 11:00:00,504.9,0.8418614859114081,0.15813851408859195,0.87146529562982,0.19305019305019305,225,3738068163
