pair,k1,k2,name1,name2,league,start_time,fair1,fair2,quote1,quote2,limit_usd,seen_at,obs_at,cutoff_at,version,mins_to_start,n_seen,matchup_id
agafonov|e|zhukov|m,agafonov|e,zhukov|m,Egor Agafonov,Maxim Zhukov,ATP Challenger Wuning - Qualifiers,2026-10-04 06:00:00,0.42992791093830796,0.5700720890616922,0.4587155963302753,0.5983935742971888,175,2026-10-04 04:49:18,2026-10-04 04:41:29,2026-10-04 06:00:00,3751650284,70.7,5,1637697286
akugue|n|yoruk|i,akugue|n,yoruk|i,Noma Noha Akugue,Ilay Yoruk,WTA 125k Samsun - Qualifiers,2026-10-04 09:00:00,0.9418425749879094,0.05815742501209072,0.9609069585613762,0.0856898029134533,200,2026-10-04 08:44:24,2026-10-04 08:43:00,2026-10-04 09:00:00,3751874874,15.6,4,1637697143
alcaraz|c|arnaldi|m,alcaraz|c,arnaldi|m,Carlos Alcaraz,Matteo Arnaldi,ATP Tokyo - R16,2026-10-03 04:45:43,0.9299214533925928,0.07007854660740717,0.943725379853686,0.08695652173913043,625,2026-10-03 04:49:48,2026-10-03 04:38:49,2026-10-03 04:45:43,3749809279,-4.1,173,1637555889
alcaraz|c|munar|j,alcaraz|c,munar|j,Carlos Alcaraz,Jaume Munar,ATP Tokyo - SF,2026-10-05 07:00:00,0.8908133322423784,0.10918666775762151,0.9070631970260222,0.1278772378516624,250,2026-10-04 08:44:24,2026-10-04 08:43:00,2026-10-05 07:00:00,3751871403,1335.6,1,1637707591
alcaraz|c|shapovalov|d,alcaraz|c,shapovalov|d,Carlos Alcaraz,Denis Shapovalov,ATP Tokyo - QF,2026-10-04 04:13:00,0.8831020353825145,0.11689796461748547,0.8977505112474436,0.13333333333333333,2000,2026-10-04 03:19:33,2026-10-04 03:10:54,2026-10-04 04:13:00,3751668120,53.4,24,1637639579
alexandrova|e|shnaider|d,alexandrova|e,shnaider|d,Ekaterina Alexandrova,Diana Shnaider,WTA Beijing - R3,2026-10-04 05:30:00,0.31983450157946736,0.6801654984205326,0.33222591362126247,0.6923076923076923,5000,2026-10-04 04:49:18,2026-10-04 04:48:32,2026-10-04 05:30:00,3751717584,40.7,32,1637650738
almeida|m|vera|t,almeida|m,vera|t,Matheus Pucinelli De Almeida,Tomas Barrios Vera,ATP Challenger Curitiba - QF,2026-10-02 15:00:00,0.47791358511885973,0.5220864148811403,0.49504950495049505,0.5391705069124424,2500,2026-10-02 14:18:47,2026-10-02 14:12:03,2026-10-02 15:00:00,3749041298,41.2,96,1637546684
andaloro|f|cerny|m,andaloro|f,cerny|m,Fabrizio Andaloro,Matyas Cerny,ATP Challenger Palermo - Qualifiers,2026-10-04 14:29:00,0.4571742082116129,0.5428257917883873,0.4854368932038835,0.5708154506437768,175,2026-10-04 08:44:24,2026-10-04 08:43:00,2026-10-04 14:29:00,3751893186,344.6,8,1637697034
andrade|a|dietrich|d,andrade|a,dietrich|d,Andres Andrade,Dylan Dietrich,ATP Challenger Columbus - SF,2026-10-03 16:30:00,0.2926417789381624,0.7073582210618375,0.30959752321981426,0.7237569060773481,2500,2026-10-03 16:00:11,2026-10-03 15:51:39,2026-10-03 16:30:00,3750777751,29.8,41,1637627703
andrade|a|rottgering|m,andrade|a,rottgering|m,Andres Andrade,Mees Rottgering,ATP Challenger Columbus - QF,2026-10-02 15:00:00,0.3981910965092664,0.6018089034907337,0.41493775933609955,0.6183206106870228,2500,2026-10-02 15:04:48,2026-10-02 14:57:20,2026-10-02 15:00:00,3749089120,-4.8,101,1637543420
andreeva|e|boisson|l,andreeva|e,boisson|l,Erika Andreeva,Lois Boisson,WTA 125K Adana - SF,2026-10-03 12:00:00,0.30051149138807115,0.6994885086119289,0.31746031746031744,0.7159090909090909,2500,2026-10-03 12:03:47,2026-10-03 11:50:10,2026-10-03 12:00:00,3749998676,-3.8,55,1637607133
andreeva|e|pridankina|e,andreeva|e,pridankina|e,Erika Andreeva,Elena Pridankina,WTA 125K Adana - QF,2026-10-02 12:00:00,0.49541245787995036,0.5045875421200496,0.5169082125603864,0.5260663507109005,1750,2026-10-02 11:57:27,2026-10-02 11:56:12,2026-10-02 12:00:00,3748950810,2.5,124,1637546689
andreeva|m|kudermetova|p,andreeva|m,kudermetova|p,Mirra Andreeva,Polina Kudermetova,WTA Beijing - R3,2026-10-04 05:05:00,0.9140504744104229,0.08594952558957711,0.92902767920511,0.10373443983402489,825,2026-10-04 04:49:18,2026-10-04 04:41:29,2026-10-04 05:05:00,3751689458,15.7,32,1637639546
angelini|l|ovcharenko|o,angelini|l,ovcharenko|o,Lorenzo Angelini,Oleksandr Ovcharenko,ATP Challenger Palermo - Qualifiers,2026-10-04 13:46:00,0.3532034908829023,0.6467965091170977,0.38167938931297707,0.6742671009771988,175,2026-10-04 08:44:24,2026-10-04 08:43:00,2026-10-04 13:46:00,3751863243,301.6,7,1637697051
arnaboldi|f|marchi|a,arnaboldi|f,marchi|a,Federico Arnaboldi,Andrea De Marchi,ATP Challenger Palermo - Qualifiers,2026-10-04 10:29:00,0.6069114337902296,0.3930885662097702,0.635036496350365,0.42194092827004215,350,2026-10-04 08:44:24,2026-10-04 08:43:00,2026-10-04 10:29:00,3751893186,104.6,8,1637697035
ayala|l|sanchez|a,ayala|l,sanchez|a,Lourdes Ayala,Ana Sofia Sanchez,ITF Women Trelew - QF,2026-10-02 16:57:31,0.05834795066483473,0.9416520493351653,0.07880220646178093,0.9570446735395188,750,2026-10-02 17:00:00,2026-10-02 16:49:14,2026-10-02 16:57:31,3749209886,-2.5,69,1637577776
badosa|p|ostapenko|j,badosa|p,ostapenko|j,Paula Badosa,Jelena Ostapenko,WTA Beijing - R2,2026-10-03 05:28:44,0.5871969383542082,0.41280306164579184,0.601593625498008,0.4273504273504274,3500,2026-10-03 05:32:16,2026-10-03 05:17:45,2026-10-03 06:15:00,3749822274,-3.5,171,1637546304
bagaric|l|jakupovic|d,bagaric|l,jakupovic|d,Lucija Ciric Bagaric,Dalila Jakupovic,WTA 125k Samsun - Qualifiers,2026-10-04 13:00:00,0.5848116372634953,0.4151883627365048,0.607843137254902,0.43859649122807015,1050,2026-10-04 08:44:24,2026-10-04 08:43:00,2026-10-04 13:00:00,3751851038,255.6,8,1637697272
balshaw|f|bernet|h,balshaw|f,bernet|h,Felix Balshaw,Henry Bernet,ATP Challenger Mouilleron-Le-Captif - QF,2026-10-02 17:30:00,0.47114313858531703,0.528856861414683,0.48780487804878053,0.5454545454545454,2500,2026-10-02 16:47:42,2026-10-02 16:34:03,2026-10-02 17:30:00,3749182378,42.3,69,1637567460
bandecchi|s|rouvroy|m,bandecchi|s,rouvroy|m,Susan Bandecchi,Margaux Rouvroy,ITF Women Quinta Do Lago - QF,2026-10-02 09:00:00,0.8394151206689757,0.16058487933102408,0.8613037447988904,0.18518518518518517,750,2026-10-02 09:03:19,2026-10-02 08:55:03,2026-10-02 09:00:00,3748813130,-3.3,55,1637567315
banthia|s|takahashi|y,banthia|s,takahashi|y,Siddhant Banthia,Yusuke Takahashi,ATP Challenger Wuning - Qualifiers,2026-10-04 04:00:00,0.134850746338102,0.8651492536618981,0.1694915254237288,0.8936170212765957,50,2026-10-04 03:19:33,2026-10-04 03:10:54,2026-10-04 04:00:00,3751631962,40.4,4,1637697285
banuls|c|hesse|a,banuls|c,hesse|a,Charo Esquiva Banuls,Amandine Hesse,ITF Women Baza - SF,2026-10-03 09:26:06,0.5714920741902716,0.4285079258097285,0.5951417004048584,0.45248868778280543,750,2026-10-03 09:32:38,2026-10-03 09:19:17,2026-10-03 09:26:06,3750013150,-6.5,74,1637608678
banuls|c|ivanov|v,banuls|c,ivanov|v,Charo Esquiva Banuls,Valentina Ivanov,ITF Women Baza - Final,2026-10-04 10:00:00,0.6923644789871776,0.3076355210128226,0.7159090909090909,0.33222591362126247,750,2026-10-04 08:44:24,2026-10-04 08:43:00,2026-10-04 10:00:00,3751864621,75.6,14,1637678918
barrientos|n|contri|s,barrientos|n,contri|s,Nicolas Barrientos,Sergi Perez Contri,ATP Challenger Braga - Qualifiers,2026-10-04 14:00:00,0.32034821416041637,0.6796517858395834,0.34965034965034963,0.7076023391812866,175,2026-10-04 08:44:24,2026-10-04 08:43:00,2026-10-04 14:00:00,3751851983,315.6,7,1637697257
barton|h|latinovic|s,barton|h,latinovic|s,Hynek Barton,Stefan Latinovic,ATP Challenger Villena - Qualifiers,2026-10-04 15:00:00,0.908994552669074,0.09100544733092593,0.9323410013531799,0.12135922330097088,100,2026-10-04 08:44:24,2026-10-04 08:43:00,2026-10-04 15:00:00,3751675085,375.6,7,1637697038
bartunkova|n|frech|m,bartunkova|n,frech|m,Nikola Bartunkova,Magdalena Frech,WTA Beijing - R2,2026-10-02 11:00:00,0.5888969901543739,0.41110300984562614,0.6031746031746031,0.425531914893617,3500,2026-10-02 09:38:17,2026-10-02 09:30:49,2026-10-02 09:39:51,3748846290,81.7,109,1637528118
bartunkova|n|sabalenka|a,bartunkova|n,sabalenka|a,Nikola Bartunkova,Aryna Sabalenka,WTA Beijing - R3,2026-10-04 03:00:00,0.14467264050919737,0.8553273594908026,0.1592356687898089,0.868766404199475,2500,2026-10-04 02:22:29,2026-10-04 02:10:31,2026-10-04 03:00:00,3751613813,37.5,31,1637650737
bax|f|hemery|c,bax|f,hemery|c,Florent Bax,Calvin Hemery,ITF Men Kigali - SF,2026-10-03 09:15:31,0.39799718640119486,0.6020028135988053,0.42194092827004215,0.6254681647940076,750,2026-10-03 09:22:20,2026-10-03 09:10:36,2026-10-03 09:15:31,3750002485,-6.8,42,1637608715
bax|f|oliel|y,bax|f,oliel|y,Florent Bax,Yshai Oliel,ITF Men Kigali - QF,2026-10-02 10:00:00,0.7040684242856432,0.29593157571435674,0.7275204359673024,0.3205128205128205,750,2026-10-02 10:05:29,2026-10-02 09:55:26,2026-10-02 10:00:00,3748819902,-5.5,49,1637567159
bayldon|b|ichikawa|t,bayldon|b,ichikawa|t,Blake Bayldon,Taisei Ichikawa,ATP Challenger Wuning - Qualifiers,2026-10-04 06:25:00,0.133826866243516,0.8661731337564841,0.16835016835016833,0.8945147679324894,125,2026-10-04 06:38:33,2026-10-04 06:27:12,2026-10-04 07:05:00,3751800082,-13.6,6,1637697056
beckley|a|houkes|m,beckley|a,houkes|m,Alec Beckley,Max Houkes,ITF Men Kigali - QF,2026-10-02 09:39:17,0.11771521752459396,0.882284782475406,0.141643059490085,0.9026290165530672,750,2026-10-02 09:38:17,2026-10-02 09:30:49,2026-10-02 09:39:17,3748846290,1.0,41,1637567158
becroft|i|ehrenschneider|n,becroft|i,ehrenschneider|n,Isaac Becroft,Nino Ehrenschneider,ITF Men Luan - Final,2026-10-04 02:16:56,0.47392353200298415,0.5260764679970158,0.49751243781094534,0.5495495495495495,750,2026-10-04 02:22:29,2026-10-04 02:10:31,2026-10-04 02:16:56,3751632485,-5.6,11,1637651243
bejlek|s|osaka|n,bejlek|s,osaka|n,Sara Bejlek,Naomi Osaka,WTA Beijing - R3,2026-10-04 11:00:00,0.25944846149342443,0.7405515385065755,0.2717391304347826,0.7524752475247525,5000,2026-10-04 08:44:24,2026-10-04 08:43:00,2026-10-04 11:00:00,3751830851,135.6,35,1637651232
bellucci|m|erel|y,bellucci|m,erel|y,Mattia Bellucci,Yanki Erel,ATP Challenger Jingshan - SF,2026-10-03 05:43:49,0.7552191960415952,0.24478080395840493,0.7695852534562212,0.2597402597402597,3000,2026-10-03 05:48:19,2026-10-03 05:38:57,2026-10-03 05:43:49,3749843369,-4.5,66,1637593212
bellucci|m|harris|l,bellucci|m,harris|l,Mattia Bellucci,Lloyd Harris,ATP Challenger Jingshan - Final,2026-10-04 03:05:00,0.47323752614037795,0.526762473859622,0.48780487804878053,0.5412844036697247,3000,2026-10-04 02:22:29,2026-10-04 02:10:31,2026-10-04 03:05:00,3751551290,42.5,11,1637656891
bellucci|m|tomic|b,bellucci|m,tomic|b,Mattia Bellucci,Bernard Tomic,ATP Challenger Jingshan - QF,2026-10-02 09:05:00,0.7803550289676947,0.2196449710323054,0.7967479674796748,0.23696682464454974,425,2026-10-02 06:05:44,2026-10-02 05:59:13,2026-10-02 09:05:00,3748746960,179.3,7,1637582362
bencic|b|zakharova|a,bencic|b,zakharova|a,Belinda Bencic,Anastasia Zakharova,WTA Beijing - R2,2026-10-03 08:47:00,0.8021035179194823,0.1978964820805178,0.8161764705882354,0.2127659574468085,2625,2026-10-03 08:01:00,2026-10-03 07:54:59,2026-10-03 08:19:00,3749941197,46.0,180,1637556242
berecoechea|n|ruiz|c,berecoechea|n,ruiz|c,Nahia Berecoechea,Celia Cervino Ruiz,ITF Women Baza - QF,2026-10-02 11:00:05,0.6659360955329487,0.3340639044670512,0.6894409937888198,0.35842293906810035,750,2026-10-02 10:57:24,2026-10-02 10:55:51,2026-10-02 11:00:05,3748917846,2.7,53,1637567484
berezina|p|biolay|s,berezina|p,biolay|s,Polina Berezina,Sophia Biolay,ITF Women Monastir - QF,2026-10-02 08:49:10,0.29505263274855636,0.7049473672514438,0.3194888178913738,0.7282608695652174,750,2026-10-02 08:55:35,2026-10-02 08:45:09,2026-10-02 08:49:10,3748811195,-6.4,48,1637567474
bernet|h|chidekh|c,bernet|h,chidekh|c,Henry Bernet,Clement Chidekh,ATP Challenger Mouilleron-Le-Captif - SF,2026-10-03 16:16:00,0.3490703565309352,0.6509296434690648,0.3663003663003663,0.6677740863787376,2500,2026-10-03 13:52:42,2026-10-03 13:50:54,2026-10-03 16:16:00,3750451116,143.3,59,1637637787
berrettini|m|vallejo|a,berrettini|m,vallejo|a,Matteo Berrettini,Adolfo Daniel Vallejo,ATP Tokyo - R16,2026-10-03 07:00:00,0.6036707415357715,0.3963292584642285,0.6153846153846154,0.4081632653061224,5000,2026-10-03 07:08:03,2026-10-03 06:54:28,2026-10-03 07:00:00,3749904591,-8.1,168,1637555901
bertimon|c|mashtakov|n,bertimon|c,mashtakov|n,Charles Bertimon,Nikita Mashtakov,ITF Men Sibenik - SF,2026-10-03 10:30:00,0.2039621383825342,0.7960378616174656,0.22883295194508008,0.8188405797101449,750,2026-10-03 10:31:57,2026-10-03 10:19:37,2026-10-03 10:30:00,3750056653,-2.0,81,1637607157
betov|s|matsuda|r,betov|s,matsuda|r,Sergey Betov,Ryuki Matsuda,ATP Challenger Wuning - Qualifiers,2026-10-04 08:00:00,0.0706733721578223,0.9293266278421777,0.10460251046025104,0.9528301886792453,50,2026-10-04 06:38:33,2026-10-04 06:27:12,2026-10-04 08:00:00,3751775942,81.4,6,1637697154
biolay|s|dotsenko|e,biolay|s,dotsenko|e,Sophia Biolay,Ekaterina Dotsenko,ITF Women Monastir - Final,2026-10-04 11:00:00,0.3729356198329117,0.6270643801670884,0.3968253968253968,0.6503496503496503,550,2026-10-04 08:44:24,2026-10-04 08:43:00,2026-10-04 11:00:00,3751890163,135.6,9,1637665933
biolay|s|santiago|m,biolay|s,santiago|m,Sophia Biolay,Marta Soriano Santiago,ITF Women Monastir - SF,2026-10-03 09:16:36,0.6603517231933964,0.3396482768066036,0.6835443037974683,0.36363636363636365,750,2026-10-03 09:22:20,2026-10-03 09:10:36,2026-10-03 09:16:36,3750002557,-5.7,75,1637608700
birrell|k|bouzkova|m,birrell|k,bouzkova|m,Kimberly Birrell,Marie Bouzkova,WTA Beijing - R2,2026-10-03 11:38:00,0.3267351946803381,0.6732648053196619,0.3412969283276451,0.6875,3500,2026-10-03 11:06:00,2026-10-03 11:04:54,2026-10-03 11:38:00,3750104246,32.0,194,1637546083
blanch|d|dietrich|d,blanch|d,dietrich|d,Darwin Blanch,Dylan Dietrich,ATP Challenger Columbus - QF,2026-10-02 17:01:20,0.41728842565988855,0.5827115743401114,0.4347826086956522,0.6000000000000001,2500,2026-10-02 17:00:00,2026-10-02 17:00:00,2026-10-02 17:01:20,3749217025,1.3,111,1637543510
boisson|l|jeanjean|l,boisson|l,jeanjean|l,Lois Boisson,Leolia Jeanjean,WTA 125K Adana - Final,2026-10-04 15:00:00,0.676041565481629,0.3239584345183711,0.6951219512195121,0.3436426116838488,1500,2026-10-04 08:44:24,2026-10-04 08:43:00,2026-10-04 15:00:00,3751828352,375.6,9,1637690691
boitan|g|gima|s,boitan|g,gima|s,Gabi Adrian Boitan,Sebastian Gima,ITF Men Slobozia - Final,2026-10-04 09:30:00,0.7377176829733018,0.2622823170266983,0.7613365155131264,0.28735632183908044,750,2026-10-04 08:44:24,2026-10-04 08:43:00,2026-10-04 09:30:00,3751850297,45.6,14,1637687294
boitan|g|zgola|b,boitan|g,zgola|b,Gabi Adrian Boitan,Borys Zgola,ITF Men Slobozia - SF,2026-10-03 10:01:52,0.9050046453310333,0.09499535466896666,0.923954372623574,0.11806375442739081,750,2026-10-03 09:59:42,2026-10-03 09:56:13,2026-10-03 10:01:52,3750055553,2.2,75,1637608681
bolt|a|harris|l,bolt|a,harris|l,Alex Bolt,Lloyd Harris,ATP Challenger Jingshan - SF,2026-10-03 03:00:00,0.18518518518518515,0.8148148148148149,0.2,0.8287671232876712,2250,2026-10-03 03:03:47,2026-10-03 02:52:52,2026-10-03 03:00:00,3749763992,-3.8,57,1637582382
bonding|o|coquelin|h,bonding|o,coquelin|h,Oliver Bonding,Hugo Coquelin,ITF Men Ann Arbor - SF,2026-10-03 15:00:00,0.8051537306813528,0.19484626931864732,0.8278829604130808,0.21978021978021978,750,2026-10-03 14:47:20,2026-10-03 14:36:15,2026-10-03 15:00:00,3750331061,12.7,53,1637639506
bonding|o|dahlin|m,bonding|o,dahlin|m,Oliver Bonding,Max Dahlin,ITF Men Ann Arbor - Final,2026-10-04 16:00:00,0.5163931486018176,0.48360685139818244,0.5495495495495495,0.5169082125603864,375,2026-10-04 08:44:24,2026-10-04 08:43:00,2026-10-04 16:00:00,3751695203,435.6,9,1637696980
bonding|o|djosic|n,bonding|o,djosic|n,Oliver Bonding,Nikola Djosic,ITF Men Ann Arbor - QF,2026-10-02 15:47:25,0.9174226961916877,0.0825773038083124,0.9353587588881707,0.10493179433368312,750,2026-10-02 15:53:52,2026-10-02 15:42:37,2026-10-02 15:47:25,3749131719,-6.5,69,1637567531
boogaard|t|henning|p,boogaard|t,henning|p,Thijs Boogaard,Philip Henning,ATP Challenger Villena - Qualifiers,2026-10-04 13:00:00,0.3254335255763404,0.6745664744236597,0.34965034965034963,0.6978851963746223,600,2026-10-04 08:44:24,2026-10-04 08:43:00,2026-10-04 13:00:00,3751871171,255.6,8,1637697264
borisiouk|m|tamm|k,borisiouk|m,tamm|k,Martin Borisiouk,Kristjan Tamm,ATP Challenger Wuning - Qualifiers,2026-10-04 09:00:00,0.7447027013945864,0.25529729860541367,0.7722095671981777,0.2849002849002849,125,2026-10-04 08:44:24,2026-10-04 08:43:00,2026-10-04 09:00:00,3751856676,15.6,1,1637707581
borisiouk|m|yamasaki|j,borisiouk|m,yamasaki|j,Martin Borisiouk,Jumpei Yamasaki,ATP Challenger Wuning - Qualifiers,2026-10-04 04:00:00,0.7209541792513352,0.27904582074866485,0.7487437185929648,0.30864197530864196,175,2026-10-04 03:19:33,2026-10-04 03:10:54,2026-10-04 04:00:00,3751629316,40.4,5,1637697283
bouzkova|m|zheng|q,bouzkova|m,zheng|q,Marie Bouzkova,Qinwen Zheng,WTA Beijing - R3,2026-10-05 05:00:00,0.4478840810215514,0.5521159189784487,0.4629629629629629,0.5670995670995671,400,2026-10-04 08:44:24,2026-10-04 08:43:00,2026-10-05 05:00:00,3751879777,1215.6,1,1637697251
bowers|a|genova|c,bowers|a,genova|c,Ashton Bowers,Chiara Di Genova,ITF Women Nashville - QF,2026-10-02 22:07:52,0.7018992023675551,0.29810079763244507,0.7252747252747253,0.3225806451612903,750,2026-10-02 22:00:17,2026-10-02 22:00:00,2026-10-02 22:07:52,3749608346,7.6,93,1637578913
bowers|a|sharma|a,bowers|a,sharma|a,Ashton Bowers,Astra Sharma,ITF Women Nashville - SF,2026-10-03 18:00:00,0.1319822342575909,0.8680177657424092,0.15625,0.8890122086570477,750,2026-10-03 17:25:22,2026-10-03 17:22:11,2026-10-03 18:00:00,3750890166,34.6,34,1637639540
brady|p|poljicak|m,brady|p,poljicak|m,Patrick Brady,Mili Poljicak,ATP Challenger Villena - Qualifiers,2026-10-04 15:00:00,0.44558778955029815,0.5544122104497016,0.4694835680751174,0.5780590717299579,600,2026-10-04 08:44:24,2026-10-04 08:43:00,2026-10-04 15:00:00,3751646479,375.6,8,1637697039
branger|l|wyk|k,branger|l,wyk|k,Liam Branger,Kris Van Wyk,ITF Men Monastir - QF,2026-10-02 08:47:20,0.7307779503185039,0.26922204968149616,0.7542997542997544,0.29411764705882354,750,2026-10-02 08:46:20,2026-10-02 08:39:57,2026-10-02 08:47:20,3748810087,1.0,61,1637567306
braswell|j|mosejczuk|d,braswell|j,mosejczuk|d,Jonah Braswell,Dominick Mosejczuk,ITF Men Fayetteville - SF,2026-10-03 17:30:00,0.374973753307001,0.6250262466929991,0.39840637450199207,0.647887323943662,750,2026-10-03 17:25:22,2026-10-03 17:22:11,2026-10-03 17:30:00,3750886929,4.6,55,1637637823
braswell|j|rodriguez|j,braswell|j,rodriguez|j,Jonah Braswell,Johan Alexander Rodriguez,ITF Men Fayetteville - QF,2026-10-02 16:16:58,0.3590095630148923,0.6409904369851078,0.38314176245210724,0.6644295302013422,750,2026-10-02 16:21:53,2026-10-02 16:12:48,2026-10-02 16:16:58,3749159853,-4.9,51,1637582351
brengle|m|impe|a,brengle|m,impe|a,Madison Brengle,Amelie Van Impe,ITF Women Templeton - QF,2026-10-02 19:57:58,0.6491560757041522,0.35084392429584754,0.6721311475409836,0.37453183520599254,750,2026-10-02 19:58:27,2026-10-02 19:50:36,2026-10-02 19:57:58,3749535372,-0.6,75,1637582326
brengle|m|maria|t,brengle|m,maria|t,Madison Brengle,Tatjana Maria,ITF Women Templeton - Final,2026-10-04 19:00:00,0.21554212877065476,0.7844578712293452,0.2506265664160401,0.8158379373848987,375,2026-10-04 08:44:24,2026-10-04 08:43:00,2026-10-04 19:00:00,3751858892,615.6,2,1637707648
brengle|m|pareja|j,brengle|m,pareja|j,Madison Brengle,Julieta Pareja,ITF Women Templeton - SF,2026-10-04 00:00:00,0.2773131653241151,0.722686834675885,0.3021148036253776,0.7461928934010152,750,2026-10-04 00:00:28,2026-10-03 23:54:40,2026-10-04 00:00:00,3751541720,-0.5,41,1637651214
brockmann|t|djoubri|s,brockmann|t,djoubri|s,Tessa Johanna Brockmann,Salma Djoubri,ITF Women Reims - QF,2026-10-02 13:39:59,0.7397812779895799,0.2602187220104202,0.7630331753554502,0.2849002849002849,750,2026-10-02 13:45:55,2026-10-02 13:32:19,2026-10-02 13:39:59,3749023308,-6.0,68,1637567317
broek|i|leonard|m,broek|i,leonard|m,Isis Louise Van Den Broek,Manon Leonard,ITF Women Reims - QF,2026-10-02 10:10:00,0.3743388224539193,0.6256611775460806,0.39840637450199207,0.6491228070175439,750,2026-10-02 10:34:23,2026-10-02 10:25:37,2026-10-02 10:10:00,3748867144,-24.4,53,1637567274
broek|i|nahimana|s,broek|i,nahimana|s,Isis Louise Van Den Broek,Sada Nahimana,ITF Women Reims - SF,2026-10-03 12:30:00,0.5544122104497016,0.44558778955029815,0.5780590717299579,0.4694835680751174,750,2026-10-03 12:03:47,2026-10-03 11:50:10,2026-10-03 12:30:00,3750107581,26.2,83,1637607154
broek|i|pree|b,broek|i,pree|b,Isis Louise Van Den Broek,Britt Du Pree,ITF Women Reims - Final,2026-10-04 13:00:00,0.25950272126713275,0.7404972787328671,0.28901734104046245,0.7679814385150813,550,2026-10-04 08:44:24,2026-10-04 08:43:00,2026-10-04 13:00:00,3751831701,255.6,9,1637690706
bruna|n|magadan|a,bruna|n,magadan|a,Nicolas Bruna,Alan Magadan,ATP Challenger Antofagasta - Qualifiers,2026-10-04 15:00:00,0.14549440098603902,0.854505599013961,0.17761989342806395,0.8816568047337278,100,2026-10-04 08:44:24,2026-10-04 08:43:00,2026-10-04 15:00:00,3751703474,375.6,5,1637697158
bucsa|c|sun|x,bucsa|c,sun|x,Cristina Bucsa,Xinran Sun,WTA Beijing - R2,2026-10-03 10:24:05,0.6899176190695269,0.3100823809304731,0.7041420118343195,0.3246753246753247,3500,2026-10-03 10:31:57,2026-10-03 10:18:49,2026-10-03 10:24:05,3750083243,-7.9,119,1637555903
butvilas|e|kym|j,butvilas|e,kym|j,Edas Butvilas,Jerome Kym,ATP Challenger Porto - QF,2026-10-02 14:17:00,0.46228125180631086,0.5377187481936891,0.47619047619047616,0.5515695067264574,3000,2026-10-02 13:58:29,2026-10-02 13:56:57,2026-10-02 14:06:42,3749043559,18.5,93,1637556289
bu|y|djokovic|n,bu|y,djokovic|n,Yunchaokete Bu,Novak Djokovic,ATP Beijing - R16,2026-10-02 13:30:00,0.21758192662007975,0.7824180733799203,0.2298850574712644,0.794238683127572,5000,2026-10-02 12:44:53,2026-10-02 12:32:04,2026-10-02 13:30:00,3748985364,45.1,196,1637528079
cacao|t|karol|m,cacao|t,karol|m,Tiago Cacao,Milos Karol,ATP Challenger Braga - Qualifiers,2026-10-04 11:00:00,0.45004367854714855,0.5499563214528514,0.47846889952153115,0.5780590717299579,350,2026-10-04 08:44:24,2026-10-04 08:43:00,2026-10-04 11:00:00,3751887421,135.6,5,1637697255
cadenasso|g|sachko|v,cadenasso|g,sachko|v,Gianluca Cadenasso,Vitaliy Sachko,ATP Challenger Bari - QF,2026-10-02 09:45:24,0.41810189308062373,0.5818981069193763,0.4347826086956522,0.5983935742971888,2500,2026-10-02 09:49:13,2026-10-02 09:40:20,2026-10-02 09:45:24,3748851056,-3.8,75,1637528065
campos|a|schoen|p,campos|a,schoen|p,Alberto Barroso Campos,Patrick Schoen,ATP Challenger Braga - Qualifiers,2026-10-04 11:00:00,0.25529729860541367,0.7447027013945864,0.2849002849002849,0.7722095671981777,350,2026-10-04 08:44:24,2026-10-04 08:43:00,2026-10-04 11:00:00,3751890755,135.6,5,1637697254
canas|a|jong|s,canas|a,jong|s,Alejandro Moro Canas,Sander Jong,ITF Men Zaragoza - SF,2026-10-03 11:00:00,0.6563048209020549,0.34369517909794517,0.6794871794871794,0.36764705882352944,750,2026-10-03 11:06:00,2026-10-03 11:04:54,2026-10-03 11:13:52,3750143298,-6.0,52,1637627723
canas|a|marcos|p,canas|a,marcos|p,Alejandro Moro Canas,Pedro Vives Marcos,ITF Men Zaragoza - QF,2026-10-02 16:40:32,0.6978713659918011,0.30212863400819895,0.7214484679665738,0.32679738562091504,750,2026-10-02 16:47:42,2026-10-02 16:34:03,2026-10-02 16:40:32,3749186863,-7.2,106,1637567462
canas|a|ritschard|a,canas|a,ritschard|a,Alejandro Moro Canas,Alexander Ritschard,ITF Men Zaragoza - Final,2026-10-04 09:30:00,0.4886304879179552,0.5113695120820447,0.5121951219512195,0.5348837209302326,750,2026-10-04 08:44:24,2026-10-04 08:43:00,2026-10-04 09:30:00,3751847130,45.6,14,1637690635
carboni|l|jong|s,carboni|l,jong|s,Lorenzo Carboni,Sander Jong,ITF Men Zaragoza - QF,2026-10-02 13:00:00,0.36817492553884396,0.6318250744611561,0.3921568627450981,0.6551724137931035,750,2026-10-02 13:00:13,2026-10-02 12:56:35,2026-10-02 14:00:00,3749000315,-0.2,79,1637567300
cardozo|j|fuente|s,cardozo|j,fuente|s,Joaquin Aguilar Cardozo,Santiago De La Fuente,ATP Challenger Antofagasta - Qualifiers,2026-10-04 13:05:00,0.9482151111726858,0.051784888827314225,0.9682337992376111,0.08333333333333333,50,2026-10-04 08:44:24,2026-10-04 08:43:00,2026-10-04 13:05:00,3751892925,260.6,5,1637697288
casanova|h|leite|w,casanova|h,leite|w,Hernan Casanova,Wilson Leite,ATP Challenger Antofagasta - Qualifiers,2026-10-04 15:00:00,0.8692360544103231,0.13076394558967694,0.8974358974358974,0.1652892561983471,50,2026-10-04 08:44:24,2026-10-04 08:43:00,2026-10-04 15:00:00,3751876201,375.6,5,1637697063
cerundolo|f|medvedev|d,cerundolo|f,medvedev|d,Francisco Cerundolo,Daniil Medvedev,ATP Beijing - QF,2026-10-04 08:45:29,0.2944716030451067,0.7055283969548932,0.3067484662576687,0.7175141242937854,6000,2026-10-04 08:44:24,2026-10-04 08:35:36,2026-10-04 09:30:00,3751885490,1.1,16,1637678923
cerundolo|f|mensik|j,cerundolo|f,mensik|j,Francisco Cerundolo,Jakub Mensik,ATP Beijing - R16,2026-10-03 12:52:00,0.35429260853856087,0.6457073914614392,0.3663003663003663,0.6575342465753424,5000,2026-10-03 12:03:47,2026-10-03 11:50:10,2026-10-03 12:52:00,3750206550,48.2,187,1637567154
charaeva|a|kartal|s,charaeva|a,kartal|s,Alina Charaeva,Sonay Kartal,WTA Beijing - R3,2026-10-05 07:00:00,0.37289427008027876,0.6271057299197212,0.38759689922480617,0.6415770609318996,400,2026-10-04 08:44:24,2026-10-04 08:43:00,2026-10-05 07:00:00,3751869815,1335.6,1,1637697136
charaeva|a|rybakina|e,charaeva|a,rybakina|e,Alina Charaeva,Elena Rybakina,WTA Beijing - R2,2026-10-03 12:38:00,0.0600932214147458,0.9399067785852542,0.0784313725490196,0.9541704857928506,450,2026-10-03 12:03:47,2026-10-03 11:56:39,2026-10-03 12:38:00,3750220943,34.2,197,1637546282
chen|c|nesterov|p,chen|c,nesterov|p,Charles Chen,Petr Nesterov,ATP Challenger Villena - Qualifiers,2026-10-04 13:00:00,0.0942971920323712,0.9057028079676289,0.12484394506866417,0.9293785310734463,100,2026-10-04 08:44:24,2026-10-04 08:43:00,2026-10-04 13:00:00,3751804002,255.6,8,1637697037
chidekh|c|mayot|h,chidekh|c,mayot|h,Clement Chidekh,Harold Mayot,ATP Challenger Mouilleron-Le-Captif - QF,2026-10-02 18:50:16,0.5490161338534105,0.45098386614658953,0.5652173913043479,0.4672897196261683,2500,2026-10-02 18:52:15,2026-10-02 18:43:47,2026-10-02 18:50:16,3749407369,-2.0,83,1637577712
chidekh|c|wayenburg|s,chidekh|c,wayenburg|s,Clement Chidekh,Sascha Gueymard Wayenburg,ATP Challenger Mouilleron-Le-Captif - Final,2026-10-04 13:00:00,0.5587048088231024,0.44129519117689764,0.5780590717299579,0.4608294930875576,1875,2026-10-04 08:44:24,2026-10-04 08:43:00,2026-10-04 13:00:00,3751874758,255.6,13,1637690733
chwalinska|n|tjen|c,chwalinska|n,tjen|c,Nikola Bartunkova / Maja Chwalinska,Caty Mcnally / Janice Tjen,WTA Beijing - Doubles,2026-10-04 06:00:00,0.28265255064206396,0.7173474493579358,0.3067484662576687,0.7402597402597403,1250,2026-10-04 06:38:33,2026-10-04 06:27:12,2026-10-04 06:00:00,3751548183,-38.6,13,1637637929
cirotte|a|santiago|m,cirotte|a,santiago|m,Astrid Cirotte,Marta Soriano Santiago,ITF Women Monastir - QF,2026-10-02 08:50:15,0.4396836310351271,0.5603163689648729,0.4629629629629629,0.5833333333333333,750,2026-10-02 08:55:35,2026-10-02 08:45:09,2026-10-02 08:50:15,3748811908,-5.3,48,1637567473
cobolli|i|tracy|f,cobolli|i,tracy|f,Ignacio Buse / Flavio Cobolli,Francisco Cabral / James Tracy,ATP Beijing - Doubles,2026-10-02 09:00:00,0.21444146520717028,0.7855585347928299,0.23923444976076558,0.8084291187739464,500,2026-10-02 11:24:02,2026-10-02 11:10:55,2026-10-02 09:00:00,3748688822,-144.0,97,1637469646
cocola|s|marcos|p,cocola|s,marcos|p,Sebastiano Cocola,Pedro Vives Marcos,ATP Challenger Palermo - Qualifiers,2026-10-04 08:00:00,0.14865723930062602,0.851342760699374,0.18083182640144665,0.8786407766990292,175,2026-10-04 06:38:33,2026-10-04 06:27:12,2026-10-04 08:00:00,3751726065,81.4,8,1637697036
coquelin|h|pieczkowski|o,coquelin|h,pieczkowski|o,Hugo Coquelin,Olaf Pieczkowski,ITF Men Ann Arbor - QF,2026-10-02 15:30:00,0.37926138015557614,0.620738619844424,0.40322580645161293,0.6441281138790036,750,2026-10-02 18:26:12,2026-10-02 18:19:21,2026-10-02 18:26:27,3749361164,-176.2,81,1637567353
cosano|j|maia|h,cosano|j,maia|h,Javier Barranco Cosano,Hugo Maia,ATP Challenger Braga - Qualifiers,2026-10-04 12:00:00,0.9515573182210441,0.0484426817789561,0.9708624708624708,0.0794912559618442,50,2026-10-04 08:44:24,2026-10-04 08:43:00,2026-10-04 12:00:00,3751864661,195.6,7,1637697139
crawley|f|smith|a,crawley|f,smith|a,Fiona Crawley,Alana Smith,WTA 125k Samsun - Qualifiers,2026-10-04 11:00:00,0.8156811590884316,0.18431884091156836,0.8360655737704918,0.2066115702479339,1300,2026-10-04 08:44:24,2026-10-04 08:43:00,2026-10-04 11:00:00,3751868073,135.6,8,1637697040
cukierman|d|rehberg|m,cukierman|d,rehberg|m,Daniel Cukierman,Max Hans Rehberg,ATP Challenger Villena - Qualifiers,2026-10-04 13:00:00,0.09141886007714044,0.9085811399228596,0.12180267965895249,0.9319727891156463,100,2026-10-04 08:44:24,2026-10-04 08:43:00,2026-10-04 13:00:00,3751891876,255.6,7,1637697270
curbelo|i|sheehy|j,curbelo|i,sheehy|j,Ivan Marrero Curbelo,Joshua Sheehy,ATP Challenger Villena - Qualifiers,2026-10-04 15:00:00,0.6708535126515482,0.3291464873484519,0.6941896024464832,0.35335689045936397,600,2026-10-04 08:44:24,2026-10-04 08:43:00,2026-10-04 15:00:00,3751647775,375.6,8,1637697142
cuyper|j|purcell|m,cuyper|j,purcell|m,Julien De Cuyper,Max Purcell,ATP Challenger Wuning - Qualifiers,2026-10-04 04:55:00,0.05439841620759115,0.945601583792409,0.08635578583765112,0.9661705006765899,50,2026-10-04 06:38:33,2026-10-04 06:27:12,2026-10-04 04:55:00,3751721607,-103.6,6,1637697284
dahlin|m|tomizawa|n,dahlin|m,tomizawa|n,Max Dahlin,Naoto Tomizawa,ITF Men Ann Arbor - SF,2026-10-03 15:00:00,0.8198793665618709,0.1801206334381291,0.8422712933753943,0.20491803278688525,750,2026-10-03 14:47:20,2026-10-03 14:36:15,2026-10-03 15:00:00,3750556261,12.7,35,1637639505
dahlin|m|zhalgasbay|d,dahlin|m,zhalgasbay|d,Max Dahlin,Damir Zhalgasbay,ITF Men Ann Arbor - QF,2026-10-02 14:00:00,0.7322305972977969,0.2677694027022032,0.7555012224938876,0.29239766081871343,750,2026-10-02 13:58:29,2026-10-02 13:56:57,2026-10-02 14:00:00,3748968086,1.5,60,1637567530
damas|m|ritschard|a,damas|m,ritschard|a,Miguel Damas,Alexander Ritschard,ITF Men Zaragoza - QF,2026-10-02 14:34:46,0.2754359376822259,0.7245640623177741,0.3003003003003003,0.7481108312342569,750,2026-10-02 14:35:12,2026-10-02 14:27:09,2026-10-02 14:34:46,3749069211,-0.4,63,1637567335
darderi|l|jacquet|k,darderi|l,jacquet|k,Luciano Darderi,Kyrian Jacquet,ATP Tokyo - R16,2026-10-02 08:55:00,0.5695971519739598,0.43040284802604034,0.5815899581589958,0.4424778761061947,5000,2026-10-02 08:00:58,2026-10-02 08:00:16,2026-10-02 08:05:40,3748792982,54.0,98,1637546710
dart|h|jovic|i,dart|h,jovic|i,Harriet Dart,Iva Jovic,WTA Beijing - R2,2026-10-03 08:45:00,0.08944017321670948,0.9105598267832906,0.10976948408342481,0.9274310595065312,575,2026-10-03 08:43:31,2026-10-03 08:40:24,2026-10-03 08:47:34,3749974977,1.5,182,1637554018
delaney|j|pham|d,delaney|j,pham|d,Jake Delaney,Derek Pham,ITF Men Darwin - QF,2026-10-02 08:55:01,0.6428571428571429,0.35714285714285726,0.6666666666666666,0.38167938931297707,750,2026-10-02 08:55:35,2026-10-02 08:45:09,2026-10-02 08:55:01,3748814170,-0.6,79,1637567266
demanet|e|duran|t,demanet|e,duran|t,Emilien Demanet,Tuncay Duran,ITF Men Monastir - SF,2026-10-03 09:00:00,0.418681155258392,0.581318844741608,0.4424778761061947,0.6047430830039526,750,2026-10-03 09:02:35,2026-10-03 08:55:18,2026-10-03 09:00:00,3749989742,-2.6,74,1637608701
demanet|e|ouakaa|a,demanet|e,ouakaa|a,Emilien Demanet,Aziz Ouakaa,ITF Men Monastir - QF,2026-10-02 09:44:58,0.6304574139152351,0.36954258608476487,0.6539792387543253,0.39370078740157477,750,2026-10-02 09:49:13,2026-10-02 09:40:20,2026-10-02 09:44:58,3748850863,-4.3,46,1637567189
dias|p|heide|g,dias|p,heide|g,Pedro Boscardin Dias,Gustavo Heide,ATP Challenger Curitiba - SF,2026-10-03 19:10:00,0.17919288979799325,0.8208071102020069,0.19646365422396858,0.836867862969005,1875,2026-10-03 18:25:16,2026-10-03 18:22:35,2026-10-03 19:10:00,3751190459,44.7,43,1637637926
dias|p|miguel|l,dias|p,miguel|l,Pedro Boscardin Dias,Luis Guto Miguel,ATP Challenger Curitiba - QF,2026-10-02 17:45:00,0.4216359527660841,0.5783640472339159,0.43859649122807015,0.5951417004048584,2500,2026-10-02 16:54:35,2026-10-02 16:43:00,2026-10-02 16:52:48,3749203698,50.4,55,1637582322
diaz|e|stricker|d,diaz|e,stricker|d,Enrique Carrascosa Diaz,Dominic Stephan Stricker,ATP Challenger Villena - Qualifiers,2026-10-04 11:00:00,0.031899737129870424,0.96810026287013,0.052770448548812667,0.9808831963295737,125,2026-10-04 08:44:24,2026-10-04 08:43:00,2026-10-04 11:00:00,3751868144,135.6,7,1637697267
dietrich|d|shelbayh|a,dietrich|d,shelbayh|a,Dylan Dietrich,Abdullah Shelbayh,ATP Challenger Columbus - Final,2026-10-04 14:00:00,0.676041565481629,0.3239584345183711,0.6951219512195121,0.3436426116838488,1500,2026-10-04 08:44:24,2026-10-04 08:43:00,2026-10-04 14:00:00,3751692502,315.6,9,1637697201
dimic|m|popko|d,dimic|m,popko|d,Matic Dimic,Dmitry Popko,ITF Men Telavi - SF,2026-10-02 13:33:57,0.07139670555752935,0.9286032944424708,0.09302325581395349,0.9455040871934606,750,2026-10-02 13:34:19,2026-10-02 13:26:48,2026-10-02 13:33:57,3749019938,-0.4,21,1637556257
djokovic|n|zverev|a,djokovic|n,zverev|a,Novak Djokovic,Alexander Zverev,ATP Beijing - QF,2026-10-04 11:00:00,0.3029345351733154,0.6970654648266845,0.31545741324921134,0.7093023255813954,6000,2026-10-04 08:44:24,2026-10-04 08:43:00,2026-10-04 11:00:00,3751892649,135.6,16,1637676022
djoubri|s|pree|b,djoubri|s,pree|b,Salma Djoubri,Britt Du Pree,ITF Women Reims - SF,2026-10-03 16:30:00,0.21091574421001896,0.789084255789981,0.23584905660377356,0.81203007518797,750,2026-10-03 16:00:11,2026-10-03 15:51:39,2026-10-03 16:30:00,3750812698,29.8,86,1637607155
dolehide|c|pareja|j,dolehide|c,pareja|j,Caroline Dolehide,Julieta Pareja,ITF Women Templeton - QF,2026-10-02 20:10:36,0.5315458372486201,0.4684541627513799,0.5555555555555556,0.4926108374384236,750,2026-10-02 20:16:25,2026-10-02 20:05:37,2026-10-02 20:10:36,3749552666,-5.8,32,1637582358
donald|m|krumich|m,donald|m,krumich|m,Matthew William Donald,Martin Krumich,ATP Challenger Bari - QF,2026-10-02 15:30:00,0.33344450930404596,0.6665554906959541,0.3508771929824561,0.6835443037974683,2500,2026-10-02 14:35:12,2026-10-02 14:27:09,2026-10-02 15:30:00,3749067556,54.8,61,1637567196
donald|m|manzano|j,donald|m,manzano|j,Matthew William Donald,Juan Cruz Martin Manzano,ATP Challenger Bari - SF,2026-10-03 13:53:39,0.4550977024161929,0.5449022975838071,0.4716981132075471,0.5614035087719298,2500,2026-10-03 13:52:42,2026-10-03 13:42:19,2026-10-03 14:00:00,3750432536,0.9,58,1637623809
dotsenko|e|losciale|v,dotsenko|e,losciale|v,Ekaterina Dotsenko,Valentina Losciale,ITF Women Monastir - QF,2026-10-02 11:48:20,0.8636813923450759,0.13631860765492415,0.8849252013808976,0.1607717041800643,750,2026-10-02 11:52:04,2026-10-02 11:41:06,2026-10-02 11:48:20,3748952519,-3.7,40,1637567472
dotsenko|e|mi|l,dotsenko|e,mi|l,Ekaterina Dotsenko,Lan Mi,ITF Women Monastir - SF,2026-10-03 09:00:00,0.6270643801670884,0.3729356198329117,0.6503496503496503,0.3968253968253968,750,2026-10-03 09:02:35,2026-10-03 08:49:06,2026-10-03 09:00:00,3749909062,-2.6,21,1637608699
dudeney|a|swan|k,dudeney|a,swan|k,Alicia Dudeney,Katie Swan,ITF Women Quinta Do Lago - QF,2026-10-02 10:00:00,0.32134028112812535,0.6786597188718747,0.34602076124567477,0.7023809523809524,750,2026-10-02 09:03:19,2026-10-02 08:55:03,2026-10-02 10:00:00,3748817624,56.7,55,1637567482
duran|t|loge|j,duran|t,loge|j,Tuncay Duran,Jack Loge,ITF Men Monastir - QF,2026-10-02 08:45:08,0.5113695120820447,0.4886304879179552,0.5348837209302326,0.5121951219512195,750,2026-10-02 08:46:20,2026-10-02 08:39:57,2026-10-02 08:45:08,3748809458,-1.2,61,1637567469
duran|t|wyk|k,duran|t,wyk|k,Tuncay Duran,Kris Van Wyk,ITF Men Monastir - Final,2026-10-04 11:00:00,0.8785227111969764,0.12147728880302325,0.8990918264379415,0.14556040756914118,550,2026-10-04 08:44:24,2026-10-04 08:43:00,2026-10-04 11:00:00,3751854608,135.6,14,1637661833
ehrenschneider|n|matsuda|r,ehrenschneider|n,matsuda|r,Nino Ehrenschneider,Ryuki Matsuda,ITF Men Luan - SF,2026-10-03 03:00:00,0.6497100177435879,0.3502899822564121,0.673202614379085,0.37453183520599254,750,2026-10-03 02:10:14,2026-10-03 02:07:35,2026-10-03 02:13:59,3749738540,49.8,51,1637607120
erhard|m|tarvet|o,erhard|m,tarvet|o,Mathys Erhard,Oliver Tarvet,ATP Challenger Villena - Qualifiers,2026-10-04 09:09:00,0.22885704069581586,0.7711429593041842,0.25125628140703515,0.7920997920997921,1000,2026-10-04 08:44:24,2026-10-04 08:43:00,2026-10-04 09:09:00,3751895770,24.6,8,1637697269
erler|r|tracy|f,erler|r,tracy|f,Robert Cash / Alexander Erler,Francisco Cabral / James Tracy,ATP Beijing - Doubles,2026-10-03 08:30:00,0.3995954180020959,0.6004045819979041,0.42372881355932196,0.6240601503759399,1250,2026-10-03 09:32:38,2026-10-03 09:19:17,2026-10-03 08:30:00,3749873628,-62.6,25,1637593246
falei|a|maneiro|j,falei|a,maneiro|j,Aliona Falei,Jessica Bouzas Maneiro,WTA 125k Jingshan - SF,2026-10-03 06:30:00,0.2189439026260654,0.7810560973739347,0.23640661938534277,0.7975708502024291,2500,2026-10-03 05:48:19,2026-10-03 05:38:57,2026-10-03 06:30:00,3749835175,41.7,60,1637592490
falkowska|w|turkmen|d,falkowska|w,turkmen|d,Weronika Falkowska,Doga Turkmen,WTA 125k Samsun - Qualifiers,2026-10-04 11:00:00,0.9790420323382383,0.02095796766176173,0.9893639651138056,0.04088307440719542,200,2026-10-04 08:44:24,2026-10-04 08:43:00,2026-10-04 11:00:00,3751875198,135.6,4,1637697273
fernandez|b|mesa|b,fernandez|b,mesa|b,Bruno Fernandez,Bernardo Munk Mesa,ATP Challenger Antofagasta - Qualifiers,2026-10-04 15:00:00,0.5673710520021342,0.4326289479978657,0.5951417004048584,0.4608294930875576,175,2026-10-04 08:44:24,2026-10-04 08:43:00,2026-10-04 15:00:00,3751846424,375.6,5,1637697062
fernandez|l|rakhimova|k,fernandez|l,rakhimova|k,Leylah Fernandez,Kamilla Rakhimova,WTA Beijing - R2,2026-10-03 07:42:00,0.7380008792926106,0.26199912070738934,0.7524752475247525,0.2770083102493075,3500,2026-10-03 07:30:24,2026-10-03 07:24:41,2026-10-03 07:34:12,3749922998,11.6,177,1637555873
fils|a|tiafoe|f,fils|a,tiafoe|f,Arthur Fils,Frances Tiafoe,ATP Tokyo - R16,2026-10-02 09:55:08,0.6866616126315063,0.31333838736849384,0.6987951807228916,0.32573289902280134,5000,2026-10-02 09:56:09,2026-10-02 09:45:36,2026-10-02 09:55:08,3748859925,-1.1,105,1637546283
fils|a|vacherot|v,fils|a,vacherot|v,Arthur Fils,Valentin Vacherot,ATP Tokyo - QF,2026-10-04 07:00:00,0.7851960075967727,0.2148039924032273,0.7971602434077079,0.22727272727272727,6000,2026-10-04 06:38:33,2026-10-04 06:27:12,2026-10-04 07:00:00,3751790318,21.4,104,1637593228
gao|x|swiatek|i,gao|x,swiatek|i,Xinyu Gao,Iga Swiatek,WTA Beijing - R2,2026-10-03 06:00:00,0.025506606872001632,0.9744933931279985,0.039077764751856196,0.9834327369118621,450,2026-10-03 06:10:21,2026-10-03 06:09:25,2026-10-03 07:10:00,3749866026,-10.4,104,1637556290
gauff|c|osorio|c,gauff|c,osorio|c,Coco Gauff,Camila Osorio,WTA Beijing - R2,2026-10-03 03:18:00,0.9132424295489833,0.08675757045101652,0.9299229152067273,0.10695187165775401,575,2026-10-03 03:03:47,2026-10-03 03:01:53,2026-10-03 03:18:00,3749763992,14.2,163,1637556303
gauff|c|sun|x,gauff|c,sun|x,Coco Gauff,Xinran Sun,WTA Beijing - R3,2026-10-05 12:30:00,0.9370370065279516,0.06296299347204848,0.9516207063376875,0.08156606851549755,250,2026-10-04 08:44:24,2026-10-04 08:43:00,2026-10-05 12:30:00,3751879612,1665.6,1,1637697252
gea|a|hurkacz|h,gea|a,hurkacz|h,Arthur Gea,Hubert Hurkacz,ATP Beijing - R16,2026-10-02 11:32:24,0.47536868305372293,0.5246313169462772,0.48780487804878053,0.5370370370370371,5000,2026-10-02 11:34:21,2026-10-02 11:26:00,2026-10-02 11:32:24,3748943808,-2.0,93,1637567268
ghetu|g|parisca|i,ghetu|g,parisca|i,Gabriel Ghetu,Ignacio Parisca,ATP Challenger Palermo - Qualifiers,2026-10-04 12:00:00,0.5607856916488778,0.43921430835112224,0.5884773662551441,0.4672897196261683,250,2026-10-04 08:44:24,2026-10-04 08:43:00,2026-10-04 12:00:00,3751868073,195.6,8,1637697260
giaccio|j|ivanov|v,giaccio|j,ivanov|v,Juliana Giaccio,Valentina Ivanov,ITF Women Baza - QF,2026-10-02 13:07:00,0.3941344506978634,0.6058655493021367,0.4184100418410042,0.6296296296296295,750,2026-10-02 13:21:33,2026-10-02 13:17:18,2026-10-02 13:25:29,3749015197,-14.6,63,1637567516
gima|s|turcanu|r,gima|s,turcanu|r,Sebastian Gima,Radu David Turcanu,ITF Men Slobozia - SF,2026-10-03 11:00:00,0.39641179069625493,0.6035882093037451,0.42016806722689076,0.626865671641791,750,2026-10-03 11:06:00,2026-10-03 10:56:06,2026-10-03 11:00:00,3749998690,-6.0,83,1637607141
glasspool|j|zverev|m,glasspool|j,zverev|m,Julian Cash / Lloyd Glasspool,Marcelo Melo / Alexander Zverev,ATP Beijing - Doubles,2026-10-04 12:30:00,0.7006026331264779,0.29939736687352225,0.7237569060773481,0.3236245954692557,1250,2026-10-04 08:44:24,2026-10-04 08:43:00,2026-10-04 12:30:00,3751851104,225.6,32,1637590313
golovina|m|micic|e,golovina|m,micic|e,Maria Golovina,Elena Micic,WTA 125k Samsun - Qualifiers,2026-10-04 09:00:00,0.521730465981203,0.47826953401879707,0.5433789954337899,0.5,1750,2026-10-04 08:44:24,2026-10-04 08:43:00,2026-10-04 09:00:00,3751782759,15.6,8,1637697043
golubic|v|noskova|l,golubic|v,noskova|l,Viktorija Golubic,Linda Noskova,WTA Beijing - R3,2026-10-04 07:30:00,0.12286640208732598,0.8771335979126741,0.1394700139470014,0.8920086393088553,1675,2026-10-04 06:38:33,2026-10-04 06:34:24,2026-10-04 06:43:33,3751806109,51.4,32,1637639547
grenier|h|navarro|b,grenier|h,navarro|b,Hugo Grenier,Bruno Pujol Navarro,ATP Challenger Villena - Qualifiers,2026-10-04 11:00:00,0.9335045446226011,0.06649545537739893,0.9525841631104788,0.09250693802035152,125,2026-10-04 08:44:24,2026-10-04 08:43:00,2026-10-04 11:00:00,3751882074,135.6,8,1637697268
grenier|h|torre|i,grenier|h,torre|i,Hugo Grenier,Inaki Montes-De La Torre,ATP Challenger Porto - QF,2026-10-02 10:13:55,0.41798890731567573,0.5820110926843244,0.4329004329004329,0.5967741935483871,3000,2026-10-02 10:23:51,2026-10-02 10:10:32,2026-10-02 10:13:55,3748874347,-9.9,75,1637567461
groen|j|hatouka|y,groen|j,hatouka|y,Jade Groen,Yuliya Hatouka,ITF Women Sharm El Sheikh - SF,2026-10-03 07:00:00,0.3064574984400478,0.6935425015599519,0.3401360544217687,0.7252747252747253,375,2026-10-02 20:56:58,2026-10-02 20:44:33,2026-10-03 07:00:00,3749453763,603.0,24,1637590339
guinard|g|pel|s,guinard|g,pel|s,Guido Andreozzi / Manuel Guinard,Sander Arends / David Pel,ATP Beijing - Doubles,2026-10-02 09:00:00,0.6304574139152351,0.36954258608476487,0.6539792387543253,0.39370078740157477,500,2026-10-02 11:45:02,2026-10-02 11:31:36,2026-10-02 09:00:00,3748820304,-165.1,101,1637469645
guna|r|sakellaridis|d,guna|r,sakellaridis|d,Robert Guna,Dimitris Sakellaridis,ATP Challenger Palermo - Qualifiers,2026-10-04 11:37:00,0.4550804057008891,0.5449195942991111,0.48309178743961345,0.5726495726495727,350,2026-10-04 08:44:24,2026-10-04 08:43:00,2026-10-04 11:37:00,3751891407,172.6,8,1637697263
gutierrez|o|milev|y,gutierrez|o,milev|y,Oscar Jose Gutierrez,Yanaki Milev,ATP Challenger Palermo - Qualifiers,2026-10-04 08:00:00,0.3109988688066649,0.689001131193335,0.3401360544217687,0.71671388101983,350,2026-10-04 06:38:33,2026-10-04 06:27:12,2026-10-04 08:00:00,3751726639,81.4,8,1637697262
halys|q|minaur|a,halys|q,minaur|a,Quentin Halys,Alex De Minaur,ATP Beijing - R16,2026-10-03 03:09:00,0.27433597379573726,0.7256640262042627,0.28653295128939826,0.7375328083989502,5000,2026-10-03 03:03:47,2026-10-03 03:01:53,2026-10-03 03:09:00,3749763206,5.2,194,1637546725
hassan|b|luque|r,hassan|b,luque|r,Benjamin Hassan,Rafael Izquierdo Luque,ATP Challenger Braga - Qualifiers,2026-10-04 12:00:00,0.8162190740531144,0.18378092594688558,0.8427672955974843,0.2136752136752137,200,2026-10-04 08:44:24,2026-10-04 08:43:00,2026-10-04 12:00:00,3751868073,195.6,5,1637697031
heide|g|justo|g,heide|g,justo|g,Gustavo Heide,Guido Ivan Justo,ATP Challenger Curitiba - Final,2026-10-04 09:00:00,0.7596884929998359,0.24031150700016432,0.7762863534675616,0.2577319587628866,2500,2026-10-04 08:44:24,2026-10-04 08:43:00,2026-10-04 09:00:00,3751815693,15.6,9,1637697092
heide|g|midon|l,heide|g,midon|l,Gustavo Heide,Lautaro Midon,ATP Challenger Curitiba - QF,2026-10-02 19:54:34,0.7051584430889238,0.29484155691107616,0.7222222222222222,0.3125,2500,2026-10-02 19:58:27,2026-10-02 19:44:10,2026-10-02 20:45:00,3749525831,-4.0,126,1637543286
hemery|c|lock|b,hemery|c,lock|b,Calvin Hemery,Benjamin Lock,ITF Men Kigali - Final,2026-10-04 10:00:00,0.8174609855589288,0.1825390144410714,0.84,0.20746887966804978,750,2026-10-04 08:44:24,2026-10-04 08:43:00,2026-10-04 10:00:00,3751882901,75.6,14,1637690636
hercog|p|pigato|l,hercog|p,pigato|l,Polona Hercog,Lisa Pigato,ITF Women Quinta Do Lago - QF,2026-10-02 11:06:23,0.3123624980342771,0.6876375019657229,0.3367003367003367,0.7109826589595376,750,2026-10-02 11:10:49,2026-10-02 11:01:22,2026-10-02 11:06:23,3748921972,-4.5,63,1637567312
hernandez|c|verwerft|l,hernandez|c,verwerft|l,Carles Hernandez,Lars Goran Verwerft,ITF Men Monastir - QF,2026-10-02 10:21:02,0.6454038884501241,0.35459611154987597,0.6688741721854304,0.37878787878787884,750,2026-10-02 10:23:51,2026-10-02 10:16:18,2026-10-02 10:21:02,3748880955,-2.8,46,1637567470
hipfl|n|nijboer|r,hipfl|n,nijboer|r,Nico Hipfl,Ryan Nijboer,ATP Challenger Braga - Qualifiers,2026-10-04 12:00:00,0.24790461804458827,0.7520953819554119,0.2777777777777778,0.7797356828193832,250,2026-10-04 08:44:24,2026-10-04 08:43:00,2026-10-04 12:00:00,3751868073,195.6,5,1637697256
hoeyeraal|h|hoole|c,hoeyeraal|h,hoole|c,Herman Hoeyeraal,Casey Hoole,ITF Men Darwin - SF,2026-10-03 05:43:16,0.3807126399800214,0.6192873600199787,0.40485829959514175,0.6428571428571428,750,2026-10-03 05:48:19,2026-10-03 05:38:57,2026-10-03 05:43:16,3749842954,-5.1,79,1637593194
holmgren|a|rocha|h,holmgren|a,rocha|h,August Holmgren,Henrique Rocha,ATP Challenger Porto - QF,2026-10-02 13:00:00,0.32730682772531655,0.6726931722746834,0.3424657534246575,0.6875,3000,2026-10-02 11:57:27,2026-10-02 11:56:12,2026-10-02 13:00:00,3748961981,62.5,85,1637567187
honda|n|tamm|k,honda|n,tamm|k,Naoya Honda,Kristjan Tamm,ATP Challenger Wuning - Qualifiers,2026-10-04 02:10:00,0.6894236142918543,0.3105763857081455,0.7175141242937854,0.3401360544217687,175,2026-10-04 02:22:29,2026-10-04 02:17:34,2026-10-04 02:23:10,3751636833,-12.5,4,1637697153
hoole|c|jones|h,hoole|c,jones|h,Casey Hoole,Hayden Jones,ITF Men Darwin - Final,2026-10-04 05:30:00,0.4258475611659732,0.5741524388340269,0.4504504504504505,0.5983935742971888,750,2026-10-04 04:49:18,2026-10-04 04:41:29,2026-10-04 05:30:00,3751681708,40.7,11,1637656958
houkes|m|lock|b,houkes|m,lock|b,Max Houkes,Benjamin Lock,ITF Men Kigali - SF,2026-10-03 11:53:42,0.8824821763328128,0.1175178236671872,0.902818270165209,0.14144271570014144,750,2026-10-03 12:03:47,2026-10-03 11:50:10,2026-10-03 11:53:42,3750208510,-10.1,52,1637608716
huang|y|khamutsianskaya|d,huang|y,khamutsianskaya|d,Yujia Huang,Darya Khamutsianskaya,WTA 125k Suzhou - Qualifiers,2026-10-04 02:30:00,0.5171434175867502,0.4828565824132498,0.5391705069124424,0.504950495049505,1750,2026-10-04 02:22:29,2026-10-04 02:10:31,2026-10-04 02:30:00,3751612436,7.5,97,1637590334
humbert|u|lehecka|j,humbert|u,lehecka|j,Ugo Humbert,Jiri Lehecka,ATP Tokyo - R16,2026-10-03 09:20:09,0.4043521250133533,0.5956478749866466,0.4166666666666667,0.607843137254902,5000,2026-10-03 09:22:20,2026-10-03 09:10:36,2026-10-03 09:20:09,3750006084,-2.2,206,1637546295
hunter|s|sakkari|m,hunter|s,sakkari|m,Storm Hunter,Maria Sakkari,WTA Beijing - R2,2026-10-03 04:46:21,0.312021862961416,0.6879781370385841,0.32679738562091504,0.7023809523809524,3500,2026-10-03 04:49:48,2026-10-03 04:38:49,2026-10-03 04:46:21,3749809727,-3.5,168,1637556207
hurkacz|h|khachanov|k,hurkacz|h,khachanov|k,Hubert Hurkacz,Karen Khachanov,ATP Beijing - QF,2026-10-04 05:47:00,0.4059959190236991,0.594004080976301,0.4184100418410042,0.6062992125984252,6000,2026-10-04 04:49:18,2026-10-04 04:41:29,2026-10-04 05:47:00,3751714095,57.7,89,1637608731
hurrion|m|yilmaz|k,hurrion|m,yilmaz|k,Millen Hurrion,Kerem Yilmaz,ITF Men Baku - SF,2026-10-04 06:40:01,0.7956164851887437,0.20438351481125622,0.8185117967332124,0.22935779816513766,750,2026-10-04 06:38:33,2026-10-04 06:34:24,2026-10-04 06:40:01,3751802950,1.5,107,1637590319
ifi|n|nijboer|r,ifi|n,nijboer|r,Nicolas Ifi,Ryan Nijboer,ITF Men Zaragoza - QF,2026-10-02 11:14:03,0.1358649213072765,0.8641350786927233,0.16025641025641024,0.8853211009174312,750,2026-10-02 11:24:02,2026-10-02 11:09:52,2026-10-02 11:14:03,3748928553,-10.0,81,1637567178
ivanovski|k|vela|g,ivanovski|k,vela|g,Kalin Ivanovski,Giuseppe La Vela,ATP Challenger Palermo - Qualifiers,2026-10-04 12:29:00,0.48435971133565614,0.5156402886643439,0.5121951219512195,0.5433789954337899,250,2026-10-04 08:44:24,2026-10-04 08:43:00,2026-10-04 12:29:00,3751893186,224.6,8,1637697261
ivanov|v|ruiz|c,ivanov|v,ruiz|c,Valentina Ivanov,Celia Cervino Ruiz,ITF Women Baza - SF,2026-10-03 10:30:00,0.5462866728583532,0.4537133271416468,0.5708154506437768,0.47846889952153115,750,2026-10-03 11:06:00,2026-10-03 11:04:54,2026-10-03 11:12:37,3750141077,-36.0,81,1637608679
jacquet|k|munar|j,jacquet|k,munar|j,Kyrian Jacquet,Jaume Munar,ATP Tokyo - QF,2026-10-04 02:17:50,0.4195556766320579,0.580444323367942,0.43103448275862066,0.5918367346938775,6000,2026-10-04 02:22:29,2026-10-04 02:22:29,2026-10-04 02:17:50,3751632868,-4.7,101,1637593196
jeanjean|l|ruzic|a,jeanjean|l,ruzic|a,Leolia Jeanjean,Antonia Ruzic,WTA 125K Adana - SF,2026-10-03 15:15:00,0.3800907488132585,0.6199092511867415,0.3968253968253968,0.6363636363636364,2500,2026-10-03 14:47:20,2026-10-03 14:42:45,2026-10-03 15:15:00,3750626670,27.7,57,1637637790
jeanjean|l|stefanini|l,jeanjean|l,stefanini|l,Leolia Jeanjean,Lucrezia Stefanini,WTA 125K Adana - QF,2026-10-02 12:15:48,0.47826953401879707,0.521730465981203,0.5,0.5433789954337899,1750,2026-10-02 12:18:46,2026-10-02 12:18:46,2026-10-02 12:15:48,3748970224,-3.0,154,1637546648
jiang|z|luo|x,jiang|z,luo|x,Zijun Jiang,Xi Luo,ITF Women Maanshan - SF,2026-10-03 06:01:00,0.33797769580909726,0.6620223041909029,0.3623188405797102,0.6855345911949686,750,2026-10-03 06:10:21,2026-10-03 06:09:25,2026-10-03 06:16:38,3749865825,-9.4,64,1637590294
jianu|f|turcanu|r,jianu|f,turcanu|r,Filip Cristian Jianu,Radu David Turcanu,ITF Men Slobozia - QF,2026-10-02 09:00:00,0.6250262466929991,0.374973753307001,0.647887323943662,0.39840637450199207,750,2026-10-02 08:00:58,2026-10-02 08:00:16,2026-10-02 09:00:00,3748792898,59.0,40,1637554027
jones|e|shubladze|a,jones|e,shubladze|a,Emerson Jones,Alexandra Shubladze,WTA 125k Jingshan - SF,2026-10-03 04:45:00,0.4096379498832976,0.5903620501167024,0.4273504273504274,0.607843137254902,2500,2026-10-03 05:09:14,2026-10-03 05:08:47,2026-10-03 06:15:00,3749821664,-24.3,58,1637590310
jones|h|pham|d,jones|h,pham|d,Hayden Jones,Derek Pham,ITF Men Darwin - SF,2026-10-03 08:25:59,0.5544122104497016,0.44558778955029815,0.5780590717299579,0.4694835680751174,750,2026-10-03 08:26:43,2026-10-03 08:18:52,2026-10-03 08:25:59,3749958664,-0.8,42,1637590324
jorge|f|vedder|e,jorge|f,vedder|e,Francisca Jorge,Eva Vedder,ITF Women Quinta Do Lago - QF,2026-10-02 11:44:52,0.5192593015921397,0.4807406984078603,0.5433789954337899,0.504950495049505,750,2026-10-02 11:52:04,2026-10-02 11:52:04,2026-10-02 11:44:52,3748949777,-7.2,64,1637567197
jovic|i|rakhimova|k,jovic|i,rakhimova|k,Iva Jovic,Kamilla Rakhimova,WTA Beijing - R3,2026-10-05 05:00:00,0.7989434967714777,0.2010565032285221,0.8130841121495328,0.2159827213822894,300,2026-10-04 08:44:24,2026-10-04 08:43:00,2026-10-05 05:00:00,3751869815,1215.6,1,1637697138
juan|s|kravchenko|g,juan|s,kravchenko|g,Sergi Fita Juan,Georgii Kravchenko,ATP Challenger Villena - Qualifiers,2026-10-04 09:09:00,0.14957372562406113,0.850426274375939,0.17421602787456444,0.8721227621483375,500,2026-10-04 08:44:24,2026-10-04 08:43:00,2026-10-04 09:09:00,3751893186,24.6,8,1637697265
jubb|p|strombachs|r,jubb|p,strombachs|r,Paul Jubb,Robert Strombachs,ITF Men Sharm El Sheikh - SF,2026-10-03 07:00:00,0.6675211526472984,0.33247884735270183,0.6996996996996997,0.3663003663003663,375,2026-10-02 20:56:58,2026-10-02 20:44:33,2026-10-03 07:00:00,3749455311,603.0,25,1637593245
justo|g|vera|t,justo|g,vera|t,Guido Ivan Justo,Tomas Barrios Vera,ATP Challenger Curitiba - SF,2026-10-03 15:00:00,0.31216326972885267,0.6878367302711474,0.32894736842105265,0.7041420118343195,2500,2026-10-03 14:47:20,2026-10-03 14:36:15,2026-10-03 15:00:00,3750562425,12.7,40,1637637764
justo|g|villanueva|g,justo|g,villanueva|g,Guido Ivan Justo,Gonzalo Villanueva,ATP Challenger Curitiba - QF,2026-10-02 16:15:00,0.5878836492837484,0.41211635071625174,0.6047430830039526,0.4291845493562232,2500,2026-10-02 16:21:53,2026-10-02 16:18:46,2026-10-02 16:27:21,3749172352,-6.9,52,1637582321
kalinskaya|a|zheng|q,kalinskaya|a,zheng|q,Anna Kalinskaya,Qinwen Zheng,WTA Beijing - R2,2026-10-03 08:49:00,0.377790895883247,0.622209104116753,0.3921568627450981,0.6363636363636364,3500,2026-10-03 08:01:00,2026-10-03 07:48:41,2026-10-03 08:17:00,3749940078,48.0,182,1637546061
kalinskaya|m|klepac|m,kalinskaya|m,klepac|m,Mirra Andreeva / Anna Kalinskaya,Maya Joint / Andreja Klepac,WTA Beijing - Doubles,2026-10-04 07:30:00,0.6551129426811827,0.34488705731881736,0.6784565916398714,0.36900369003690037,1250,2026-10-04 08:44:24,2026-10-04 08:43:00,2026-10-04 07:30:00,3751613813,-74.4,14,1637637836
kartal|s|wang|x,kartal|s,wang|x,Sonay Kartal,Xinyu Wang,WTA Beijing - R2,2026-10-03 12:49:00,0.5070768891233867,0.4929231108766134,0.5215311004784688,0.5073891625615764,3500,2026-10-03 12:03:47,2026-10-03 11:50:10,2026-10-03 12:49:00,3750209338,45.2,195,1637546281
kikuchi|y|ogura|k,kikuchi|y,ogura|k,Yuta Kikuchi,Kosuke Ogura,ATP Challenger Wuning - Qualifiers,2026-10-04 08:00:00,0.42441739829977937,0.5755826017002206,0.45248868778280543,0.6031746031746031,350,2026-10-04 06:38:33,2026-10-04 06:27:12,2026-10-04 08:00:00,3751777994,81.4,6,1637697058
kostovic|t|ruzic|a,kostovic|t,ruzic|a,Teodora Kostovic,Antonia Ruzic,WTA 125K Adana - QF,2026-10-02 18:30:00,0.36939460794733914,0.630605392052661,0.39840637450199207,0.6587030716723549,1750,2026-10-02 17:59:17,2026-10-02 17:58:27,2026-10-02 18:30:00,3749300363,30.7,180,1637530227
kraus|s|yastremska|d,kraus|s,yastremska|d,Sinja Kraus,Dayana Yastremska,WTA Beijing - R3,2026-10-04 03:00:00,0.2923411529207406,0.7076588470792595,0.3048780487804878,0.7198879551820728,5000,2026-10-04 02:22:29,2026-10-04 02:10:31,2026-10-04 03:00:00,3751548857,37.5,31,1637651231
krueger|a|li|a,krueger|a,li|a,Ashlyn Krueger,Ann Li,WTA Beijing - R2,2026-10-03 03:18:00,0.44682300904411665,0.5531769909558835,0.4608294930875576,0.5670995670995671,3500,2026-10-03 03:03:47,2026-10-03 03:01:53,2026-10-03 03:18:00,3749767173,14.2,166,1637546704
krueger|m|shelbayh|a,krueger|m,shelbayh|a,Mitchell Krueger,Abdullah Shelbayh,ATP Challenger Columbus - SF,2026-10-03 18:30:00,0.44402642705627404,0.555973572943726,0.4608294930875576,0.5726495726495727,2500,2026-10-03 17:25:22,2026-10-03 17:22:11,2026-10-03 18:30:00,3750976705,64.6,42,1637637882
krueger|m|smith|k,krueger|m,smith|k,Mitchell Krueger,Keegan Smith,ATP Challenger Columbus - QF,2026-10-02 15:12:57,0.4562099668728783,0.5437900331271217,0.4739336492890995,0.5614035087719298,2500,2026-10-02 15:23:56,2026-10-02 15:12:26,2026-10-02 15:12:57,3749098794,-11.0,59,1637567533
krutykh|o|rocha|f,krutykh|o,rocha|f,Oleksii Krutykh,Francisco Rocha,ATP Challenger Braga - Qualifiers,2026-10-04 14:00:00,0.850162887767456,0.1498371122325441,0.8776009791921665,0.18214936247723132,125,2026-10-04 08:44:24,2026-10-04 08:43:00,2026-10-04 14:00:00,3751894772,315.6,7,1637697033
kulambayeva|z|werner|c,kulambayeva|z,werner|c,Zhibek Kulambayeva,Caroline Werner,WTA 125k Samsun - Qualifiers,2026-10-04 12:30:00,0.3203046909874297,0.6796953090125702,0.3448275862068966,0.7032640949554896,1300,2026-10-04 08:44:24,2026-10-04 08:43:00,2026-10-04 12:30:00,3751884662,225.6,8,1637697042
kym|j|rocha|h,kym|j,rocha|h,Jerome Kym,Henrique Rocha,ATP Challenger Porto - SF,2026-10-03 11:59:00,0.41110300984562614,0.5888969901543739,0.425531914893617,0.6031746031746031,3000,2026-10-03 11:06:00,2026-10-03 11:04:54,2026-10-03 11:59:00,3750128994,53.0,55,1637608812
lahey|a|sharma|a,lahey|a,sharma|a,Ashley Lahey,Astra Sharma,ITF Women Nashville - QF,2026-10-02 22:48:56,0.37861304860314804,0.621386951396852,0.40322580645161293,0.6453900709219857,750,2026-10-02 22:54:05,2026-10-02 22:45:18,2026-10-02 22:48:56,3749626798,-5.2,99,1637577752
langmo|c|recek|d,langmo|c,recek|d,Christian Langmo,Dominik Recek,ATP Challenger Palermo - Qualifiers,2026-10-04 13:37:00,0.4743773334044457,0.5256226665955545,0.5024875621890548,0.5535714285714286,175,2026-10-04 08:44:24,2026-10-04 08:43:00,2026-10-04 13:37:00,3751859307,292.6,8,1637697141
lansere|s|qu|y,lansere|s,qu|y,Sofya Lansere,Yihan Qu,WTA 125k Suzhou - Qualifiers,2026-10-03 08:00:00,0.6681659010658343,0.33183409893416543,0.691358024691358,0.35587188612099646,275,2026-10-03 04:21:03,2026-10-03 04:08:35,2026-10-03 08:00:00,3749786663,218.9,4,1637590333
lee|g|marino|p,lee|g,marino|p,Gerard Campana Lee,Pietro Marino,ATP Challenger Palermo - Qualifiers,2026-10-04 08:00:00,0.8324367846558408,0.1675632153441593,0.8605299860529986,0.2,175,2026-10-04 06:38:33,2026-10-04 06:27:12,2026-10-04 08:00:00,3751792914,81.4,8,1637697259
lee|h|luo|x,lee|h,luo|x,Ha Eum Lee,Xi Luo,ITF Women Maanshan - Final,2026-10-04 02:30:00,0.5733289938191831,0.4266710061808168,0.5967741935483871,0.4504504504504505,750,2026-10-04 02:22:29,2026-10-04 02:10:31,2026-10-04 02:30:00,3751585852,7.5,11,1637665905
lee|h|sun|y,lee|h,sun|y,Ha Eum Lee,Yingqun Sun,ITF Women Maanshan - SF,2026-10-03 06:08:48,0.6466635764698324,0.35333642353016753,0.66996699669967,0.37735849056603776,750,2026-10-03 06:10:21,2026-10-03 06:03:02,2026-10-03 06:08:48,3749862385,-1.6,79,1637590293
lehecka|j|vallejo|a,lehecka|j,vallejo|a,Jiri Lehecka,Adolfo Daniel Vallejo,ATP Tokyo - QF,2026-10-04 09:47:00,0.7233832396506891,0.27661676034931104,0.7354497354497355,0.28901734104046245,6000,2026-10-04 08:44:24,2026-10-04 08:43:00,2026-10-04 09:47:00,3751892291,62.6,17,1637661824
lithen|j|tomizawa|n,lithen|j,tomizawa|n,John Hallquist Lithen,Naoto Tomizawa,ITF Men Ann Arbor - QF,2026-10-02 14:00:00,0.7304568805560071,0.26954311944399295,0.7536945812807883,0.29411764705882354,750,2026-10-02 13:58:29,2026-10-02 13:56:57,2026-10-02 14:00:00,3748966972,1.5,60,1637567532
li|m|mladenovic|s,li|m,mladenovic|s,Marie Bouzkova / Ann Li,Storm Hunter / Kristina Mladenovic,WTA Beijing - Doubles,2026-10-04 06:00:00,0.36817492553884396,0.6318250744611561,0.3921568627450981,0.6551724137931035,1250,2026-10-04 06:38:33,2026-10-04 06:27:12,2026-10-04 06:00:00,3751548183,-38.6,13,1637637930
li|z|lu|j,li|z,lu|j,Zongyu Li,Jia-Jing Lu,WTA 125k Suzhou - Qualifiers,2026-10-04 02:30:00,0.3640034944599203,0.6359965055400797,0.3861003861003861,0.6575342465753424,1750,2026-10-04 02:22:29,2026-10-04 02:10:31,2026-10-04 02:30:00,3751612436,7.5,91,1637590331
lomakin|g|rai|a,lomakin|g,rai|a,Grigoriy Lomakin,Ajeet Rai,ATP Challenger Wuning - Qualifiers,2026-10-04 02:00:00,0.26980897547872273,0.7301910245212774,0.29940119760479045,0.7578692493946732,175,2026-10-04 02:22:29,2026-10-04 02:17:34,2026-10-04 02:23:10,3751636817,-22.5,4,1637697282
lopez|n|mashtakov|n,lopez|n,mashtakov|n,Noah Lopez,Nikita Mashtakov,ITF Men Sibenik - Final,2026-10-04 10:00:00,0.22965904937157222,0.7703409506284279,0.2544529262086514,0.793388429752066,750,2026-10-04 08:44:24,2026-10-04 08:43:00,2026-10-04 10:00:00,3751866933,75.6,14,1637678877
lopez|n|meerschen|m,lopez|n,meerschen|m,Noah Lopez,Martin Van Der Meerschen,ITF Men Sibenik - SF,2026-10-03 09:16:11,0.28913966969822874,0.7108603303017711,0.31347962382445144,0.7340425531914894,750,2026-10-03 09:22:20,2026-10-03 09:10:36,2026-10-03 09:16:11,3750003348,-6.2,74,1637608705
loureiro|j|ratti|l,loureiro|j,ratti|l,Joao Victor Couto Loureiro,Lucio Ratti,ATP Challenger Antofagasta - Qualifiers,2026-10-04 19:00:00,0.15766724777604652,0.8423327522239538,0.19011406844106465,0.8701298701298701,100,2026-10-04 08:44:24,2026-10-04 08:43:00,2026-10-04 19:00:00,3751703360,615.6,4,1637697291
madaras|d|paardekooper|s,madaras|d,paardekooper|s,Dragos Nicolae Madaras,Stijn Paardekooper,ITF Men Telavi - SF,2026-10-02 13:26:52,0.7768544031379638,0.2231455968620361,0.8,0.2481389578163772,750,2026-10-02 13:21:33,2026-10-02 13:17:18,2026-10-02 13:26:52,3749015538,5.3,28,1637556258
malmkjaer|e|nijkamp|r,malmkjaer|e,nijkamp|r,Emma Kamper Malmkjaer,Rose Marie Nijkamp,ITF Women Nashville - QF,2026-10-02 20:13:39,0.6428571428571429,0.35714285714285726,0.6666666666666666,0.38167938931297707,750,2026-10-02 20:16:25,2026-10-02 20:05:37,2026-10-02 20:13:39,3749551357,-2.8,87,1637578912
maneiro|j|shubladze|a,maneiro|j,shubladze|a,Jessica Bouzas Maneiro,Alexandra Shubladze,WTA 125k Jingshan - Final,2026-10-04 04:30:00,0.6199092511867415,0.3800907488132585,0.6363636363636364,0.3968253968253968,2500,2026-10-04 03:19:33,2026-10-04 03:10:54,2026-10-04 04:30:00,3751614826,70.4,16,1637651286
manzano|j|pieri|s,manzano|j,pieri|s,Juan Cruz Martin Manzano,Samuele Pieri,ATP Challenger Bari - Final,2026-10-04 09:00:00,0.6072411915944943,0.39275880840550564,0.6240601503759399,0.4098360655737705,2500,2026-10-04 08:44:24,2026-10-04 08:43:00,2026-10-04 09:00:00,3751869334,15.6,13,1637690623
manzano|j|valle|e,manzano|j,valle|e,Juan Cruz Martin Manzano,Enrico Dalla Valle,ATP Challenger Bari - QF,2026-10-02 11:00:00,0.28847578282240566,0.7115242171775944,0.3058103975535168,0.7282608695652174,2500,2026-10-02 12:18:46,2026-10-02 12:11:18,2026-10-02 12:19:03,3748971885,-78.8,84,1637528093
maria|t|mcdonald|e,maria|t,mcdonald|e,Tatjana Maria,Ella McDonald,ITF Women Templeton - SF,2026-10-04 00:00:00,0.8267152713086953,0.17328472869130504,0.8489425981873111,0.19801980198019803,750,2026-10-04 00:00:28,2026-10-03 23:46:37,2026-10-04 00:00:00,3751523188,-0.5,43,1637650722
maria|t|rapolu|m,maria|t,rapolu|m,Tatjana Maria,Malaika Rapolu,ITF Women Templeton - QF,2026-10-02 18:00:00,0.7449647898970034,0.25503521010299657,0.7685185185185185,0.2801120448179272,750,2026-10-02 17:59:17,2026-10-02 17:58:27,2026-10-02 18:00:00,3749311646,0.7,81,1637567537
martynov|d|nahimana|s,martynov|d,nahimana|s,Diana Martynov,Sada Nahimana,ITF Women Reims - QF,2026-10-02 09:00:00,0.5494663621811026,0.4505336378188974,0.5726495726495727,0.4739336492890995,750,2026-10-02 09:03:19,2026-10-02 08:55:03,2026-10-02 10:00:00,3748819578,-3.3,46,1637556286
matsuda|r|wei|s,matsuda|r,wei|s,Rinko Matsuda,Sijia Wei,WTA 125k Suzhou - Qualifiers,2026-10-04 07:30:00,0.2436878272950835,0.7563121727049165,0.26595744680851063,0.7772828507795101,1750,2026-10-04 06:38:33,2026-10-04 06:27:12,2026-10-04 07:30:00,3751789274,51.4,40,1637651240
mayo|a|shelbayh|a,mayo|a,shelbayh|a,Aidan Mayo,Abdullah Shelbayh,ATP Challenger Columbus - QF,2026-10-02 17:17:36,0.48021404556401315,0.5197859544359869,0.49751243781094534,0.5370370370370371,2500,2026-10-02 17:19:11,2026-10-02 17:13:09,2026-10-02 17:17:36,3749243039,-1.7,69,1637567235
mcdonald|e|penickova|k,mcdonald|e,penickova|k,Ella McDonald,Kristina Penickova,ITF Women Templeton - QF,2026-10-02 18:00:00,0.5101852201284235,0.48981477987157646,0.5348837209302326,0.5145631067961165,750,2026-10-02 17:59:17,2026-10-02 17:58:27,2026-10-02 18:00:00,3749277865,0.7,81,1637577723
medvedev|d|struff|j,medvedev|d,struff|j,Daniil Medvedev,Jan-Lennard Struff,ATP Beijing - R16,2026-10-03 10:34:00,0.848643437437324,0.151356562562676,0.8620689655172414,0.16583747927031509,2500,2026-10-03 10:18:09,2026-10-03 10:11:22,2026-10-03 10:19:12,3750076360,15.8,101,1637590269
meerschen|m|mikovic|m,meerschen|m,mikovic|m,Martin Van Der Meerschen,Mak Mikovic,ITF Men Sibenik - QF,2026-10-02 09:51:04,0.8455109738602221,0.154489026139778,0.8673740053050397,0.17921146953405018,750,2026-10-02 09:56:09,2026-10-02 09:45:36,2026-10-02 09:51:04,3748856416,-5.1,50,1637567168
mektic|a|tabilo|l,mektic|a,tabilo|l,Austin Krajicek / Nikola Mektic,Luca Van Assche / Alejandro Tabilo,ATP Tokyo - Doubles,2026-10-03 05:00:00,0.752788988596294,0.24721101140370605,0.7757847533632287,0.2717391304347826,1250,2026-10-03 07:08:03,2026-10-03 06:54:28,2026-10-03 05:00:00,3749633535,-128.1,67,1637592492
mektic|a|vavassori|s,mektic|a,vavassori|s,Austin Krajicek / Nikola Mektic,Simone Bolelli / Andrea Vavassori,ATP Tokyo - Doubles,2026-10-05 01:00:00,0.4155438359923585,0.5844561640076416,0.4424778761061947,0.6108949416342413,525,2026-10-04 08:44:24,2026-10-04 08:43:00,2026-10-05 01:00:00,3751590229,975.6,15,1637650816
mertens|e|ostapenko|j,mertens|e,ostapenko|j,Elise Mertens,Jelena Ostapenko,WTA Beijing - R3,2026-10-05 09:00:00,0.6306733108084944,0.3693266891915057,0.6428571428571428,0.38167938931297707,5000,2026-10-04 08:44:24,2026-10-04 08:43:00,2026-10-05 09:00:00,3751878957,1455.6,18,1637656897
mertens|e|volynets|k,mertens|e,volynets|k,Elise Mertens,Katie Volynets,WTA Beijing - R2,2026-10-03 04:00:00,0.5312069086717481,0.468793091328252,0.5454545454545454,0.48309178743961345,3500,2026-10-03 03:03:47,2026-10-03 03:01:53,2026-10-03 04:00:00,3749765889,56.2,166,1637546274
minaur|a|rublev|a,minaur|a,rublev|a,Alex De Minaur,Andrey Rublev,ATP Beijing - QF,2026-10-04 07:25:00,0.5335120894816111,0.466487910518389,0.5454545454545454,0.47846889952153115,6000,2026-10-04 06:38:33,2026-10-04 06:27:12,2026-10-04 07:25:00,3751791622,46.4,20,1637650782
molteni|m|shang|a,molteni|m,shang|a,Maximo Gonzalez / Andres Molteni,Alexander Bublik / Juncheng Shang,ATP Beijing - Doubles,2026-10-02 11:00:00,0.6580156228424358,0.34198437715756436,0.6815286624203821,0.3663003663003663,500,2026-10-02 11:10:49,2026-10-02 11:01:22,2026-10-02 11:00:00,3748922583,-10.8,76,1637556294
moreno|c|refaat|m,moreno|c,refaat|m,Carlota Moreno,Merna Refaat,ITF Women Nashville - QF,2026-10-02 20:16:53,0.43880708354287823,0.5611929164571219,0.4629629629629629,0.5850622406639003,750,2026-10-02 20:16:25,2026-10-02 20:16:25,2026-10-02 20:16:53,3749554314,0.4,92,1637577751
mosejczuk|d|papamalamis|t,mosejczuk|d,papamalamis|t,Dominick Mosejczuk,Theo Papamalamis,ITF Men Fayetteville - Final,2026-10-04 16:00:00,0.3838783069918213,0.6161216930081787,0.4166666666666667,0.647887323943662,375,2026-10-04 08:44:24,2026-10-04 08:43:00,2026-10-04 16:00:00,3751777106,435.6,4,1637697250
mosejczuk|d|tudorica|a,mosejczuk|d,tudorica|a,Dominick Mosejczuk,Alvin Nicholas Tudorica,ITF Men Fayetteville - QF,2026-10-02 16:00:00,0.6484718263385891,0.351528173661411,0.6721311475409836,0.37593984962406013,750,2026-10-02 15:59:16,2026-10-02 15:57:44,2026-10-02 16:00:00,3749100882,0.7,50,1637578942
moyano|l|sanchez|a,moyano|l,sanchez|a,Luciana Moyano,Ana Sofia Sanchez,ITF Women Trelew - SF,2026-10-03 17:30:00,0.15552299980478188,0.8444770001952181,0.1801801801801802,0.8663101604278075,750,2026-10-03 17:25:22,2026-10-03 17:22:11,2026-10-03 17:30:00,3751024884,4.6,34,1637651216
moyano|l|silva|p,moyano|l,silva|p,Luciana Moyano,Pilar Da Silva,ITF Women Trelew - QF,2026-10-02 15:14:57,0.9469111283506395,0.05308887164936051,0.9616122840690979,0.07299270072992702,750,2026-10-02 15:23:56,2026-10-02 15:23:56,2026-10-02 15:14:57,3749100622,-9.0,40,1637577778
muchova|k|samsonova|l,muchova|k,samsonova|l,Karolina Muchova,Liudmila Samsonova,WTA Beijing - R3,2026-10-04 13:00:00,0.7755999770901334,0.22440002290986663,0.7876857749469214,0.23696682464454974,5000,2026-10-04 08:44:24,2026-10-04 08:43:00,2026-10-04 13:00:00,3751829382,255.6,35,1637639545
muhammad|l|zvonareva|m,muhammad|l,zvonareva|m,Lyudmyla Kichenok / Asia Muhammad,Maria Kozyreva / Vera Zvonareva,WTA Beijing - Doubles,2026-10-04 03:00:00,0.42484989400518214,0.575150105994818,0.4484304932735426,0.5983935742971888,1250,2026-10-04 03:19:33,2026-10-04 03:10:54,2026-10-04 03:00:00,3751429735,-19.6,11,1637637838
mushika|m|sato|n,mushika|m,sato|n,Mio Mushika,Naho Sato,ITF Women Wagga Wagga - Final,2026-10-04 02:30:00,0.24545387334767796,0.754546126652322,0.27027027027027023,0.7777777777777779,750,2026-10-04 01:27:50,2026-10-04 01:25:14,2026-10-04 02:30:00,3751584068,62.1,10,1637656959
mushika|m|uemura|m,mushika|m,uemura|m,Mio Mushika,Mutsumi Uemura,ITF Women Wagga Wagga - SF,2026-10-03 01:11:03,0.4886304879179552,0.5113695120820447,0.5121951219512195,0.5348837209302326,750,2026-10-03 01:16:03,2026-10-03 01:07:23,2026-10-03 01:11:03,3749698996,-5.0,65,1637592555
nijboer|r|ritschard|a,nijboer|r,ritschard|a,Ryan Nijboer,Alexander Ritschard,ITF Men Zaragoza - SF,2026-10-03 09:00:00,0.2929274647825482,0.7070725352174517,0.31746031746031744,0.7304582210242588,750,2026-10-03 09:02:35,2026-10-03 08:49:06,2026-10-03 09:00:00,3749910277,-2.6,42,1637608798
nijkamp|r|refaat|m,nijkamp|r,refaat|m,Rose Marie Nijkamp,Merna Refaat,ITF Women Nashville - SF,2026-10-03 18:00:00,0.414407843712335,0.585592156287665,0.43859649122807015,0.609375,750,2026-10-03 17:25:22,2026-10-03 17:22:11,2026-10-03 18:00:00,3750890166,34.6,34,1637650730
nijkamp|r|sharma|a,nijkamp|r,sharma|a,Rose Marie Nijkamp,Astra Sharma,ITF Women Nashville - Final,2026-10-04 15:00:00,0.23693892783267678,0.7630610721673232,0.2717391304347826,0.7946611909650925,750,2026-10-04 08:44:24,2026-10-04 08:43:00,2026-10-04 15:00:00,3751757266,375.6,7,1637697135
nugroho|p|okamura|k,nugroho|p,okamura|k,Priska Nugroho,Kyoka Okamura,WTA 125k Suzhou - Qualifiers,2026-10-04 07:30:00,0.46389039647048075,0.5361096035295193,0.4854368932038835,0.5575221238938054,1750,2026-10-04 06:38:33,2026-10-04 06:27:12,2026-10-04 07:30:00,3751789274,51.4,90,1637593236
oberleitner|l|olivetti|t,oberleitner|l,olivetti|t,Lucas Miedler / Neil Oberleitner,Theo Arribage / Albano Olivetti,ATP Tokyo - Doubles,2026-10-03 02:00:00,0.43880708354287823,0.5611929164571219,0.4629629629629629,0.5850622406639003,1250,2026-10-03 02:41:05,2026-10-03 02:31:42,2026-10-03 02:00:00,3749681380,-41.1,12,1637578981
oetzbach|a|pieczonka|f,oetzbach|a,pieczonka|f,Adrian Oetzbach,Filip Pieczonka,ATP Challenger Braga - Qualifiers,2026-10-04 14:00:00,0.34135428176118254,0.6586457182388175,0.37037037037037035,0.6865203761755486,175,2026-10-04 08:44:24,2026-10-04 08:43:00,2026-10-04 14:00:00,3751740474,315.6,4,1637706541
olivetti|t|uesugi|r,olivetti|t,uesugi|r,Theo Arribage / Albano Olivetti,Rinky Hijikata / Kaito Uesugi,ATP Tokyo - Doubles,2026-10-04 05:30:00,0.620738619844424,0.37926138015557614,0.6441281138790036,0.40322580645161293,1250,2026-10-04 04:49:18,2026-10-04 04:41:29,2026-10-04 05:30:00,3751554407,40.7,13,1637639557
orlov|v|valdoleiros|g,orlov|v,valdoleiros|g,Vladyslav Orlov,Guilherme Valdoleiros,ATP Challenger Braga - Qualifiers,2026-10-04 09:00:00,0.9524065209985132,0.04759347900148685,0.9715180860153804,0.07849293563579278,50,2026-10-04 08:44:24,2026-10-04 08:43:00,2026-10-04 09:00:00,3751884516,15.6,5,1637697029
osaka|n|timofeeva|m,osaka|n,timofeeva|m,Naomi Osaka,Maria Timofeeva,WTA Beijing - R2,2026-10-02 09:00:00,0.804225563383386,0.19577443661661395,0.8181818181818181,0.21052631578947367,2625,2026-10-02 09:03:19,2026-10-02 09:00:18,2026-10-02 09:05:44,3748819995,-3.3,110,1637526253
paardekooper|s|popko|d,paardekooper|s,popko|d,Stijn Paardekooper,Dmitry Popko,ITF Men Telavi - Final,2026-10-03 07:00:00,0.3003022355206178,0.6996977644793823,0.3246753246753247,0.7229916897506925,750,2026-10-03 07:30:24,2026-10-03 07:24:41,2026-10-03 07:29:04,3749920216,-30.4,34,1637608773
panova|m|shnaider|e,panova|m,shnaider|e,Maia Lumsden / Alexandra Panova,Elise Mertens / Diana Shnaider,WTA Beijing - Doubles,2026-10-04 07:30:00,0.2499750041658613,0.7500249958341387,0.2747252747252747,0.7732426303854876,1250,2026-10-04 08:44:24,2026-10-04 08:43:00,2026-10-04 07:30:00,3751824793,-74.4,14,1637637833
papamalamis|t|rozin|s,papamalamis|t,rozin|s,Theo Papamalamis,Sasha Rozin,ITF Men Fayetteville - SF,2026-10-03 16:00:00,0.5283217511560561,0.47167824884394405,0.5515695067264574,0.49504950495049505,750,2026-10-03 16:00:11,2026-10-03 15:51:39,2026-10-03 16:00:00,3750855495,-0.2,36,1637639501
papamalamis|t|shah|a,papamalamis|t,shah|a,Theo Papamalamis,Aryan Shah,ITF Men Fayetteville - QF,2026-10-02 18:17:43,0.5159252299148626,0.4840747700851375,0.5391705069124424,0.5073891625615764,750,2026-10-02 18:26:12,2026-10-02 18:13:33,2026-10-02 18:17:43,3749348657,-8.5,63,1637578941
papoe|r|zgola|b,papoe|r,zgola|b,Radu Mihai Papoe,Borys Zgola,ITF Men Slobozia - QF,2026-10-02 10:00:00,0.9587776125984382,0.041222387401561915,0.9716392512762336,0.05955926146515784,750,2026-10-02 09:38:17,2026-10-02 09:30:49,2026-10-02 09:36:50,3748843988,21.7,38,1637555919
pel|s|shang|a,pel|s,shang|a,Sander Arends / David Pel,Alexander Bublik / Juncheng Shang,ATP Beijing - Doubles,2026-10-04 07:30:00,0.6563048209020549,0.34369517909794517,0.6794871794871794,0.36764705882352944,1250,2026-10-04 08:44:24,2026-10-04 08:43:00,2026-10-04 07:30:00,3751613813,-74.4,14,1637650795
pel|s|zhou|z,pel|s,zhou|z,Sander Arends / David Pel,Zhizhen Zhang / Yi Zhou,ATP Beijing - Doubles,2026-10-03 07:00:00,0.6351321400101436,0.3648678599898564,0.6587030716723549,0.3891050583657587,1250,2026-10-03 08:01:00,2026-10-03 07:48:41,2026-10-03 07:00:00,3749873628,-61.0,19,1637593251
pieri|s|sachko|v,pieri|s,sachko|v,Samuele Pieri,Vitaliy Sachko,ATP Challenger Bari - SF,2026-10-03 10:30:00,0.2423314455903164,0.7576685544096836,0.2597402597402597,0.7742663656884875,2500,2026-10-03 10:31:57,2026-10-03 10:26:04,2026-10-03 11:30:00,3750094970,-2.0,71,1637593256
pieri|s|taberner|c,pieri|s,taberner|c,Samuele Pieri,Carlos Taberner,ATP Challenger Bari - QF,2026-10-02 10:30:00,0.22886636761816417,0.7711336323818361,0.2463054187192118,0.7876857749469214,2500,2026-10-02 09:38:17,2026-10-02 09:25:15,2026-10-02 10:30:00,3748839094,51.7,74,1637554021
pigato|l|swan|k,pigato|l,swan|k,Lisa Pigato,Katie Swan,ITF Women Quinta Do Lago - SF,2026-10-03 09:00:00,0.43411564494282884,0.5658843550571712,0.4587155963302753,0.5901639344262295,750,2026-10-03 09:02:35,2026-10-03 08:55:18,2026-10-03 09:00:00,3749990017,-2.6,72,1637608720
pigato|l|vedder|e,pigato|l,vedder|e,Lisa Pigato,Eva Vedder,ITF Women Quinta Do Lago - Final,2026-10-04 11:00:00,0.6141945389920542,0.38580546100794577,0.6376811594202898,0.4098360655737705,550,2026-10-04 08:44:24,2026-10-04 08:43:00,2026-10-04 11:00:00,3751831420,135.6,14,1637665929
popa|g|sakellaridi|s,popa|g,sakellaridi|s,Giulia Safina Popa,Sapfo Sakellaridi,ITF Women Varna - SF,2026-10-03 08:30:00,0.6479142731881701,0.35208572681182987,0.6710526315789473,0.37593984962406013,750,2026-10-03 07:45:47,2026-10-03 07:33:35,2026-10-03 07:43:05,3749929886,44.2,29,1637608703
popa|g|simion|o,popa|g,simion|o,Giulia Safina Popa,Oana Georgeta Simion,ITF Women Varna - QF,2026-10-02 09:11:00,0.617163245865067,0.38283675413493296,0.6402877697841727,0.4065040650406504,750,2026-10-02 09:49:13,2026-10-02 09:40:20,2026-10-02 09:11:00,3748825932,-38.2,50,1637567174
popa|g|zhenikhova|s,popa|g,zhenikhova|s,Giulia Safina Popa,Sonja Zhenikhova,ITF Women Varna - Final,2026-10-04 07:00:00,0.685661515294683,0.3143384847053171,0.7093023255813954,0.3389830508474576,750,2026-10-04 06:38:33,2026-10-04 06:27:12,2026-10-04 07:00:00,3751727249,21.4,13,1637675985
poullain|l|schwaerzler|j,poullain|l,schwaerzler|j,Lucas Poullain,Joel Josef Schwaerzler,ATP Challenger Mouilleron-Le-Captif - QF,2026-10-02 11:55:32,0.40301727304925555,0.5969827269507445,0.42016806722689076,0.613899613899614,2500,2026-10-02 11:57:27,2026-10-02 11:46:37,2026-10-02 11:55:32,3748957619,-1.9,87,1637555892
pree|b|serban|i,pree|b,serban|i,Britt Du Pree,Isabella Maria Serban,ITF Women Reims - QF,2026-10-02 10:14:00,0.7509265386698654,0.24907346133013458,0.7742663656884875,0.273972602739726,750,2026-10-02 10:23:51,2026-10-02 10:09:24,2026-10-02 10:14:00,3748874470,-9.9,52,1637556291
preston|t|snigur|d,preston|t,snigur|d,Taylah Preston,Daria Snigur,WTA Beijing - R3,2026-10-04 06:30:00,0.37695795080743627,0.6230420491925637,0.3891050583657587,0.635036496350365,5000,2026-10-04 06:38:33,2026-10-04 06:27:12,2026-10-04 06:30:00,3751730486,-8.6,32,1637651233
qu|y|zheng|w,qu|y,zheng|w,Yihan Qu,Wushuang Zheng,WTA 125k Suzhou - Qualifiers,2026-10-04 03:17:12,0.298304838539998,0.701695161460002,0.3205128205128205,0.7229916897506925,1750,2026-10-04 03:19:33,2026-10-04 03:10:54,2026-10-04 03:17:12,3751669714,-2.4,31,1637639554
rajecki|m|shubladze|s,rajecki|m,shubladze|s,Madeleine Brooks / Amelia Rajecki,Sofya Lansere / Alexandra Shubladze,WTA 125k Jingshan - Doubles,2026-10-03 10:10:00,0.4794023332743885,0.5205976667256115,0.5145631067961165,0.5555555555555556,1250,2026-10-03 10:18:09,2026-10-03 10:04:30,2026-10-03 10:10:00,3750061748,-8.2,29,1637607097
rapagnetta|d|siniakov|d,rapagnetta|d,siniakov|d,Daniele Rapagnetta,Daniel Siniakov,ATP Challenger Palermo - Qualifiers,2026-10-04 09:46:00,0.4888337193829098,0.5111662806170902,0.5169082125603864,0.5391705069124424,350,2026-10-04 08:44:24,2026-10-04 08:43:00,2026-10-04 09:46:00,3751863243,61.6,8,1637697258
rikl|l|zielinski|m,rikl|l,zielinski|m,Luke Johnson / Patrik Rikl,Marc Polmans / Jan Zielinski,ATP Tokyo - Doubles,2026-10-02 10:15:00,0.4525817907919766,0.5474182092080234,0.47619047619047616,0.5708154506437768,500,2026-10-02 09:38:17,2026-10-02 09:30:49,2026-10-02 10:15:00,3748846095,36.7,86,1637470969
rincon|d|sanchis|d,rincon|d,sanchis|d,Daniel Rincon,David Jorda Sanchis,ATP Challenger Porto - QF,2026-10-02 10:12:55,0.7133730250843995,0.28662697491560046,0.7275204359673024,0.30120481927710846,3000,2026-10-02 10:23:51,2026-10-02 10:09:24,2026-10-02 10:12:55,3748873493,-10.9,75,1637555902
risso|l|sanchez|a,risso|l,sanchez|a,Leyla Fiorella Britez Risso,Ana Sofia Sanchez,ITF Women Trelew - Final,2026-10-04 14:00:00,0.41574044333899446,0.5842595566610055,0.4444444444444444,0.6124031007751938,550,2026-10-04 08:44:24,2026-10-04 08:43:00,2026-10-04 14:00:00,3751868144,315.6,9,1637697086
risso|l|urrutia|m,risso|l,urrutia|m,Leyla Fiorella Britez Risso,Maria Florencia Urrutia,ITF Women Trelew - SF,2026-10-03 16:00:00,0.6435632705633721,0.35643672943662796,0.6666666666666666,0.3802281368821293,750,2026-10-03 16:00:11,2026-10-03 15:58:11,2026-10-03 17:00:00,3750868677,-0.2,33,1637650727
risso|l|zingg|l,risso|l,zingg|l,Leyla Fiorella Britez Risso,Liv Zingg,ITF Women Trelew - QF,2026-10-02 15:00:00,0.8823407592697753,0.11765924073022468,0.9027237354085602,0.141643059490085,750,2026-10-02 15:04:48,2026-10-02 15:03:02,2026-10-02 15:12:13,3749098095,-4.8,55,1637577777
rocha|h|torre|i,rocha|h,torre|i,Henrique Rocha,Inaki Montes-De La Torre,ATP Challenger Porto - Final,2026-10-04 10:00:00,0.6732648053196619,0.3267351946803381,0.6875,0.3412969283276451,3000,2026-10-04 08:44:24,2026-10-04 08:43:00,2026-10-04 10:00:00,3751844672,75.6,14,1637690724
rodenas|p|wallin|o,rodenas|p,wallin|o,Pedro Rodenas,Olle Wallin,ATP Challenger Braga - Qualifiers,2026-10-04 11:00:00,0.4048248536101477,0.5951751463898522,0.4329004329004329,0.6226415094339623,350,2026-10-04 08:44:24,2026-10-04 08:43:00,2026-10-04 11:00:00,3751887421,135.6,5,1637697253
roh|h|rozin|s,roh|h,rozin|s,Hoyoung Roh,Sasha Rozin,ITF Men Fayetteville - QF,2026-10-02 17:00:00,0.45673494719368496,0.543265052806315,0.4807692307692307,0.5670995670995671,750,2026-10-02 15:59:16,2026-10-02 15:57:44,2026-10-02 17:00:00,3749147632,60.7,55,1637578940
rouvroy|m|vedder|e,rouvroy|m,vedder|e,Margaux Rouvroy,Eva Vedder,ITF Women Quinta Do Lago - SF,2026-10-03 10:30:00,0.37782123123530603,0.6221787687646939,0.4016064257028112,0.6453900709219857,750,2026-10-03 10:18:09,2026-10-03 10:11:22,2026-10-03 10:15:03,3750070436,11.8,79,1637608772
rublev|a|safiullin|r,rublev|a,safiullin|r,Andrey Rublev,Roman Safiullin,ATP Beijing - R16,2026-10-03 05:53:25,0.5630523910751374,0.4369476089248626,0.574468085106383,0.4484304932735426,5000,2026-10-03 05:56:00,2026-10-03 05:47:57,2026-10-03 05:53:25,3749851242,-2.6,165,1637556263
rybas|f|zhenikhova|s,rybas|f,zhenikhova|s,Felitsata Dorofeeva-Rybas,Sonja Zhenikhova,ITF Women Varna - SF,2026-10-03 08:38:00,0.8071580740893128,0.19284192591068716,0.8299319727891156,0.2178649237472767,750,2026-10-03 07:45:47,2026-10-03 07:39:50,2026-10-03 07:44:24,3749930620,52.2,29,1637607152
sabalenka|a|zarazua|r,sabalenka|a,zarazua|r,Aryna Sabalenka,Renata Zarazua,WTA Beijing - R2,2026-10-02 11:14:32,0.9666953800540463,0.03330461994595366,0.9771741611504222,0.04835589941972921,450,2026-10-02 11:10:49,2026-10-02 11:01:22,2026-10-02 11:05:00,3748922832,3.7,108,1637546280
saigo|r|yang|y,saigo|r,yang|y,Rina Saigo,Yidi Yang,WTA 125k Suzhou - Qualifiers,2026-10-04 06:45:00,0.5,0.5,0.5215311004784688,0.5215311004784688,1750,2026-10-04 06:38:33,2026-10-04 06:34:24,2026-10-04 06:41:41,3751804490,6.4,100,1637592549
saitoh|k|takahashi|y,saitoh|k,takahashi|y,Keisuke Saitoh,Yusuke Takahashi,ATP Challenger Wuning - Qualifiers,2026-10-04 09:00:00,0.5616437184480091,0.4383562815519909,0.5901639344262295,0.4672897196261683,125,2026-10-04 08:44:24,2026-10-04 08:43:00,2026-10-04 09:00:00,3751856676,15.6,1,1637706573
sakkari|m|svitolina|e,sakkari|m,svitolina|e,Maria Sakkari,Elina Svitolina,WTA Beijing - R3,2026-10-05 09:00:00,0.24011083849417109,0.759889161505829,0.25510204081632654,0.7742663656884875,400,2026-10-04 08:44:24,2026-10-04 08:43:00,2026-10-05 09:00:00,3751886454,1455.6,1,1637656896
salden|d|tikhonova|e,salden|d,tikhonova|e,Dalila Jakupovic / Lara Salden,Elena Pridankina / Anastasia Tikhonova,WTA 125K Adana - Doubles,2026-10-02 18:24:00,0.29705041592170583,0.7029495840782944,0.3333333333333333,0.7368421052631579,1250,2026-10-02 17:59:17,2026-10-02 17:58:27,2026-10-02 18:24:00,3749322464,24.7,46,1637556268
salden|d|valdmannova|a,salden|d,valdmannova|a,Dalila Jakupovic / Lara Salden,Angelica Moratelli / Vendula Valdmannova,WTA 125K Adana - Doubles,2026-10-03 18:23:00,0.5,0.5,0.5348837209302326,0.5348837209302326,1250,2026-10-03 17:25:22,2026-10-03 17:22:11,2026-10-03 17:50:00,3751076132,57.6,19,1637627734
sanchis|d|torre|i,sanchis|d,torre|i,David Jorda Sanchis,Inaki Montes-De La Torre,ATP Challenger Porto - SF,2026-10-03 10:12:52,0.3039735594464901,0.6960264405535099,0.3184713375796178,0.7101449275362319,3000,2026-10-03 10:18:09,2026-10-03 10:04:30,2026-10-03 10:12:52,3750067035,-5.3,70,1637592564
sato|n|sawashiro|k,sato|n,sawashiro|k,Naho Sato,Kanon Sawashiro,ITF Women Wagga Wagga - SF,2026-10-03 04:15:03,0.7397812779895799,0.2602187220104202,0.7630331753554502,0.2849002849002849,750,2026-10-03 04:49:48,2026-10-03 04:38:49,2026-10-03 04:15:03,3749796108,-34.8,7,1637650733
schiessl|j|torrealba|b,schiessl|j,torrealba|b,Joao Eduardo Schiessl,Benjamin Torrealba,ATP Challenger Antofagasta - Qualifiers,2026-10-04 13:05:00,0.7340220481097862,0.2659779518902138,0.7619047619047619,0.2958579881656805,175,2026-10-04 08:44:24,2026-10-04 08:43:00,2026-10-04 13:05:00,3751702987,260.6,5,1637697156
schwaerzler|j|wayenburg|s,schwaerzler|j,wayenburg|s,Joel Josef Schwaerzler,Sascha Gueymard Wayenburg,ATP Challenger Mouilleron-Le-Captif - SF,2026-10-03 12:30:00,0.42790374058678565,0.5720962594132143,0.4444444444444444,0.5884773662551441,2500,2026-10-03 12:03:47,2026-10-03 11:50:10,2026-10-03 12:55:00,3750211353,26.2,58,1637608718
seggerman|r|tajima|n,seggerman|r,tajima|n,Ryan Seggerman,Naoki Tajima,ATP Challenger Wuning - Qualifiers,2026-10-04 07:00:00,0.9315339803076584,0.0684660196923416,0.9546690843155032,0.10214504596527069,50,2026-10-04 04:49:18,2026-10-04 04:41:29,2026-10-04 07:00:00,3751607303,130.7,5,1637697057
shang|j|zverev|a,shang|j,zverev|a,Juncheng Shang,Alexander Zverev,ATP Beijing - R16,2026-10-03 11:24:00,0.08196931276783673,0.9180306872321634,0.09950248756218905,0.9327052489905788,825,2026-10-03 11:06:00,2026-10-03 11:04:54,2026-10-03 11:24:00,3750085343,18.0,208,1637554011
shapovalov|d|tabilo|a,shapovalov|d,tabilo|a,Denis Shapovalov,Alejandro Tabilo,ATP Tokyo - R16,2026-10-03 02:09:00,0.5649553518941811,0.435044648105819,0.576271186440678,0.4464285714285714,5000,2026-10-03 02:10:14,2026-10-03 02:07:35,2026-10-03 02:15:54,3749739403,-1.2,175,1637555856
shi|h|yuan|c,shi|h,yuan|c,Han Shi,Chengyiyi Yuan,WTA 125k Suzhou - Qualifiers,2026-10-04 06:45:00,0.8746160112536061,0.12538398874639392,0.8971193415637859,0.1519756838905775,575,2026-10-04 06:38:33,2026-10-04 06:34:24,2026-10-04 06:40:16,3751804092,6.4,100,1637590332
sidorova|k|zavatska|k,sidorova|k,zavatska|k,Kristiana Sidorova,Katarina Zavatska,WTA 125k Suzhou - Qualifiers,2026-10-04 04:50:00,0.6443866670259173,0.35561333297408265,0.6655518394648829,0.37735849056603776,1750,2026-10-04 04:49:18,2026-10-04 04:41:29,2026-10-04 04:50:00,3751710153,0.7,91,1637592550
singh|d|walters|m,singh|d,walters|m,Digvijay Pratap Singh,Marcus Walters,ITF Men Baku - SF,2026-10-03 08:00:00,0.6978713659918011,0.30212863400819895,0.7214484679665738,0.32679738562091504,750,2026-10-03 22:09:54,2026-10-03 22:08:59,2026-10-03 08:00:00,3749893851,-849.9,109,1637592536
siniakova|k|svitolina|e,siniakova|k,svitolina|e,Katerina Siniakova,Elina Svitolina,WTA Beijing - R2,2026-10-03 05:59:00,0.23953383366595896,0.7604661663340412,0.2544529262086514,0.7747747747747747,3500,2026-10-03 06:10:21,2026-10-03 06:09:25,2026-10-03 06:20:00,3749864107,-11.4,174,1637546732
smith|w|valdmannova|a,smith|w,valdmannova|a,Weronika Falkowska / Alana Smith,Angelica Moratelli / Vendula Valdmannova,WTA 125K Adana - Doubles,2026-10-02 20:24:00,0.6357003243708974,0.36429967562910265,0.66996699669967,0.4,1250,2026-10-02 17:59:17,2026-10-02 17:58:27,2026-10-02 18:16:00,3749323478,144.7,47,1637567138
stefani|g|xu|q,stefani|g,xu|q,Gabriela Dabrowski / Luisa Stefani,Qianhui Tang / Yi-Fan Xu,WTA Beijing - Doubles,2026-10-04 03:00:00,0.8084378146759277,0.19156218532407238,0.8310810810810811,0.21645021645021645,1250,2026-10-04 03:19:33,2026-10-04 03:10:54,2026-10-04 03:00:00,3751429735,-19.6,11,1637637837
sushkova|a|zelinskaya|d,sushkova|a,zelinskaya|d,Antonina Sushkova,Daria Zelinskaya,ITF Women Sharm El Sheikh - SF,2026-10-03 07:00:00,0.6603517231933963,0.33964827680660364,0.6923076923076923,0.373134328358209,375,2026-10-02 20:56:58,2026-10-02 20:44:33,2026-10-03 07:00:00,3749453763,603.0,21,1637592558
swiatek|i|vekic|d,swiatek|i,vekic|d,Iga Swiatek,Donna Vekic,WTA Beijing - R3,2026-10-05 03:00:00,0.9186063691069445,0.08139363089305557,0.9348958333333333,0.10131712259371835,625,2026-10-04 08:44:24,2026-10-04 08:43:00,2026-10-05 03:00:00,3751877376,1095.6,14,1637656898
tabur|c|wayenburg|s,tabur|c,wayenburg|s,Clement Tabur,Sascha Gueymard Wayenburg,ATP Challenger Mouilleron-Le-Captif - QF,2026-10-02 13:47:20,0.436260695269902,0.563739304730098,0.45248868778280543,0.5798319327731092,2500,2026-10-02 13:53:08,2026-10-02 13:41:52,2026-10-02 13:47:20,3749029013,-5.8,94,1637528642
tikhonova|a|tkacheva|m,tikhonova|a,tkacheva|m,Anastasia Tikhonova,Mariia Tkacheva,WTA 125k Samsun - Qualifiers,2026-10-04 10:30:00,0.5982148211416995,0.40178517885830045,0.6197718631178707,0.42372881355932196,1750,2026-10-04 08:44:24,2026-10-04 08:43:00,2026-10-04 10:30:00,3751849638,105.6,8,1637697144
topo|m|visker|n,topo|m,visker|n,Marko Topo,Niels Visker,ATP Challenger Villena - Qualifiers,2026-10-04 11:00:00,0.5585431885572955,0.44145681144270454,0.5798319327731092,0.4629629629629629,1000,2026-10-04 08:44:24,2026-10-04 08:43:00,2026-10-04 11:00:00,3751866933,135.6,8,1637697271
uesugi|r|vasselin|h,uesugi|r,vasselin|h,Rinky Hijikata / Kaito Uesugi,Hugo Nys / Edouard Roger-Vasselin,ATP Tokyo - Doubles,2026-10-03 03:30:00,0.2920662096338404,0.7079337903661596,0.3164556962025316,0.7311827956989247,1250,2026-10-03 04:21:03,2026-10-03 04:17:21,2026-10-03 03:30:00,3749680394,-51.1,51,1637590272
vavassori|s|zielinski|m,vavassori|s,zielinski|m,Simone Bolelli / Andrea Vavassori,Marc Polmans / Jan Zielinski,ATP Tokyo - Doubles,2026-10-03 06:30:00,0.6126927108448337,0.3873072891551664,0.6363636363636364,0.41152263374485604,1250,2026-10-03 08:43:31,2026-10-03 08:33:59,2026-10-03 06:30:00,3749747458,-133.5,73,1637590311
vekic|d|zhu|l,vekic|d,zhu|l,Donna Vekic,Lin Zhu,WTA Beijing - R2,2026-10-03 03:00:00,0.6372288964306669,0.3627711035693332,0.6515679442508712,0.37735849056603776,3500,2026-10-03 03:03:47,2026-10-03 02:52:52,2026-10-03 03:00:00,3749678157,-3.8,163,1637556260
verwerft|l|wyk|k,verwerft|l,wyk|k,Lars Goran Verwerft,Kris Van Wyk,ITF Men Monastir - SF,2026-10-03 09:16:50,0.6659360955329487,0.3340639044670512,0.6894409937888198,0.35842293906810035,750,2026-10-03 09:22:20,2026-10-03 09:10:36,2026-10-03 09:16:50,3750002485,-5.5,75,1637608698
wuerth|t|zhenikhova|s,wuerth|t,zhenikhova|s,Tara Wuerth,Sonja Zhenikhova,ITF Women Varna - QF,2026-10-02 09:34:06,0.7873361243328648,0.2126638756671352,0.810246679316888,0.23752969121140144,750,2026-10-02 09:38:17,2026-10-02 09:25:15,2026-10-02 09:34:06,3748841908,-4.2,49,1637567455
