pair,matchup_id,first_live
abela|c|mushika|m,1637469450,2026-09-30 00:23:26
almeida|m|santos|p,1637469543,2026-09-29 15:54:10
alves|m|pereira|j,1637470972,2026-09-29 16:37:43
andrade|a|svajda|t,1637417670,2026-09-29 20:54:05
angelo|j|villanueva|g,1637443962,2026-09-29 17:51:25
berecoechea|n|boskovic|l,1637469609,2026-09-29 17:22:48
bigun|k|smith|k,1637469604,2026-09-29 22:28:26
blanchet|u|durasovic|v,1637453369,2026-09-29 18:37:52
blanch|d|maloney|p,1637417673,2026-09-29 16:23:57
brengle|m|xu|m,1637469457,2026-09-29 20:54:05
broek|i|lene|e,1637469395,2026-09-29 15:54:10
buyukakcay|c|monnet|c,1637443957,2026-09-29 15:54:10
casanova|h|heide|g,1637443858,2026-09-29 15:54:10
cengiz|b|kostovic|t,1637438618,2026-09-29 18:16:44
chan|d|smith|c,1637469392,2026-09-29 19:35:56
chidekh|c|goffin|d,1637413071,2026-09-29 19:26:24
crinebouch|h|nahimana|s,1637469482,2026-09-29 16:49:39
dias|p|pagotto|v,1637469550,2026-09-29 17:08:42
dietrich|d|wolf|j,1637417585,2026-09-29 17:44:12
fearnley|j|quilez|a,1637469570,2026-09-29 15:54:10
fenty|a|marcondes|i,1637417672,2026-09-29 19:13:02
fernandez|b|leite|w,1637478640,2026-09-29 15:54:10
filin|n|mayo|a,1637417781,2026-09-30 01:12:25
frodin|t|pareja|j,1637472396,2026-09-29 19:26:24
gutierrez|o|rodenas|p,1637469371,2026-09-29 18:50:38
hosoki|y|kikawada|r,1637471008,2026-09-30 00:23:26
kennedy|j|nakashima|b,1637417783,2026-09-29 22:46:02
kozlov|s|trotter|j,1637475785,2026-09-29 21:19:06
lajal|m|poullain|l,1637413070,2026-09-29 15:54:10
lokoli|l|tiffon|p,1637438588,2026-09-29 15:54:10
moller|e|taberner|c,1637438585,2026-09-29 15:54:10
okonkwo|o|staeheli|l,1637469390,2026-09-29 16:49:39
olivieri|g|silva|l,1637443964,2026-09-29 17:22:48
ostapenkov|d|perot|r,1637469603,2026-09-29 15:54:10
pace|f|rogers|a,1637469456,2026-09-29 21:30:41
penickova|a|urhobo|a,1637472397,2026-09-29 22:51:27
pereira|t|virtanen|o,1637438596,2026-09-29 15:54:10
pree|b|renard|e,1637469611,2026-09-29 15:54:10
radwanska|u|ryser|v,1637469394,2026-09-29 15:54:10
rodriguez|l|vera|t,1637469549,2026-09-29 15:54:10
sato|h|stevens|a,1637470978,2026-09-30 00:23:26
sato|n|uchijima|m,1637489028,2026-09-30 00:23:26
shelbayh|a|tu|l,1637469391,2026-09-29 15:54:10
